case,stiffness,run_idx,q0_mcp_deg,q0_pip_deg,q0_dip_deg,theta_mcp_deg,theta_pip_deg,theta_dip_deg,tip_x_mm,tip_y_mm,tension_N,conv_time_s,saturated
mcp,k=0,0,-1.0,0.0,0.0,53.9089,54.8943,54.899,94.2749,-15.0765,0.0,1.201,
mcp,k=0,1,-0.9,0.0,0.0,53.9756,54.861,54.8656,94.3051,-15.1516,0.0,1.201,
mcp,k=0,2,-0.8,0.0,0.0,54.0422,54.8277,54.8323,94.3352,-15.2267,0.0,1.201,
mcp,k=0,3,-0.7,0.0,0.0,54.1089,54.7944,54.799,94.3653,-15.3019,0.0,1.201,
mcp,k=0,4,-0.6,0.0,0.0,54.1755,54.761,54.7657,94.3952,-15.3771,0.0,1.201,
mcp,k=0,5,-0.5,0.0,0.0,54.2422,54.7277,54.7323,94.4252,-15.4524,0.0,1.201,
mcp,k=0,6,-0.4,0.0,0.0,54.3089,54.6944,54.699,94.455,-15.5277,0.0,1.201,
mcp,k=0,7,-0.3,0.0,0.0,54.3755,54.6611,54.6657,94.4847,-15.6031,0.0,1.201,
mcp,k=0,8,-0.2,0.0,0.0,54.4422,54.6277,54.6323,94.5144,-15.6784,0.0,1.201,
mcp,k=0,9,-0.1,0.0,0.0,54.5088,54.5944,54.599,94.544,-15.7539,0.0,1.201,
mcp,k=0,10,0.0,0.0,0.0,54.5755,54.5611,54.5657,94.5735,-15.8293,0.0,1.201,
mcp,k=0,11,0.1,0.0,0.0,54.6421,54.5278,54.5323,94.603,-15.9048,0.0,1.201,
mcp,k=0,12,0.2,0.0,0.0,54.7062,54.4996,54.4964,94.6303,-15.9801,0.0,1.201,
mcp,k=0,13,0.3,0.0,0.0,54.7726,54.4668,54.4628,94.6594,-16.0556,0.0,1.201,
mcp,k=0,14,0.4,0.0,0.0,54.8334,54.4451,54.4237,94.684,-16.1306,0.0,1.201,
mcp,k=0,15,0.5,0.0,0.0,54.8994,54.4133,54.3896,94.7126,-16.2062,0.0,1.201,
mcp,k=0,16,0.6,0.0,0.0,54.9564,54.3992,54.3466,94.734,-16.2808,0.0,1.201,
mcp,k=0,17,0.7,0.0,0.0,55.0216,54.3687,54.3119,94.7619,-16.3564,0.0,1.201,
mcp,k=0,18,0.8,0.0,0.0,55.0745,54.363,54.2648,94.7798,-16.4306,0.0,1.201,
mcp,k=0,19,0.9,0.0,0.0,55.1388,54.3343,54.2291,94.8069,-16.5062,0.0,1.201,
mcp,k=0,20,1.0,0.0,0.0,55.2031,54.3057,54.1934,94.8338,-16.5817,0.0,1.201,
mcp,k=0.1184,0,-1.0,0.0,0.0,54.0732,54.1654,54.1556,95.2804,-14.5782,15.9801,1.439,
mcp,k=0.1184,1,-0.9,0.0,0.0,54.0732,54.1662,54.1549,95.2803,-14.5787,15.9801,1.341,
mcp,k=0.1184,2,-0.8,0.0,0.0,54.0734,54.1671,54.1537,95.2801,-14.5797,15.9801,1.229,
mcp,k=0.1184,3,-0.7,0.0,0.0,54.0833,54.1623,54.1487,95.2846,-14.5909,15.9801,1.216,
mcp,k=0.1184,4,-0.6,0.0,0.0,54.0941,54.1569,54.1432,95.2895,-14.6031,15.9801,1.213,
mcp,k=0.1184,5,-0.5,0.0,0.0,54.1047,54.1517,54.1378,95.2943,-14.6151,15.9801,1.201,
mcp,k=0.1184,6,-0.4,0.0,0.0,54.1159,54.1461,54.1322,95.2994,-14.6278,15.9801,1.201,
mcp,k=0.1184,7,-0.3,0.0,0.0,54.1271,54.1405,54.1266,95.3045,-14.6405,15.9801,1.201,
mcp,k=0.1184,8,-0.2,0.0,0.0,54.1383,54.1349,54.121,95.3095,-14.6532,15.9801,1.201,
mcp,k=0.1184,9,-0.1,0.0,0.0,54.1495,54.1293,54.1154,95.3146,-14.6659,15.9801,1.201,
mcp,k=0.1184,10,0.0,0.0,0.0,54.1608,54.1237,54.1098,95.3197,-14.6785,15.9801,1.201,
mcp,k=0.1184,11,0.1,0.0,0.0,54.1715,54.1182,54.1045,95.3246,-14.6905,15.9801,1.21,
mcp,k=0.1184,12,0.2,0.0,0.0,54.182,54.1136,54.0986,95.3292,-14.7029,15.9801,1.211,
mcp,k=0.1184,13,0.3,0.0,0.0,54.1929,54.1082,54.0931,95.3342,-14.7153,15.9801,1.212,
mcp,k=0.1184,14,0.4,0.0,0.0,54.1897,54.1096,54.095,95.3327,-14.7115,15.9801,1.351,
mcp,k=0.1184,15,0.5,0.0,0.0,54.1897,54.1088,54.0958,95.3329,-14.7109,15.9801,1.447,
mcp,k=0.1184,16,0.6,0.0,0.0,54.1897,54.1096,54.0949,95.3327,-14.7115,15.9801,1.52,
mcp,k=0.1184,17,0.7,0.0,0.0,54.1896,54.1091,54.0955,95.3328,-14.7111,15.9801,1.595,
mcp,k=0.1184,18,0.8,0.0,0.0,54.1896,54.1103,54.0942,95.3326,-14.7119,15.9801,1.6500000000000001,
mcp,k=0.1184,19,0.9,0.0,0.0,54.1897,54.1099,54.0946,95.3327,-14.7117,15.9801,1.711,
mcp,k=0.1184,20,1.0,0.0,0.0,54.1896,54.1096,54.095,95.3327,-14.7114,15.9801,1.768,
pip,k=0,0,0.0,-1.0,0.0,54.7359,54.2404,54.726,94.7014,-15.846,0.0,1.201,
pip,k=0,1,0.0,-0.9,0.0,54.7265,54.2591,54.7167,94.694,-15.845,0.0,1.201,
pip,k=0,2,0.0,-0.8,0.0,54.7041,54.3039,54.6942,94.6761,-15.8427,0.0,1.201,
pip,k=0,3,0.0,-0.7,0.0,54.6931,54.3259,54.6832,94.6674,-15.8415,0.0,1.201,
pip,k=0,4,0.0,-0.6,0.0,54.6697,54.3726,54.6599,94.6488,-15.8391,0.0,1.201,
pip,k=0,5,0.0,-0.5,0.0,54.657,54.3981,54.6471,94.6386,-15.8378,0.0,1.201,
pip,k=0,6,0.0,-0.4,0.0,54.6432,54.4258,54.6333,94.6276,-15.8363,0.0,1.201,
pip,k=0,7,0.0,-0.3,0.0,54.6179,54.4762,54.6081,94.6075,-15.8337,0.0,1.201,
pip,k=0,8,0.0,-0.2,0.0,54.6017,54.5086,54.5919,94.5945,-15.832,0.0,1.201,
pip,k=0,9,0.0,-0.1,0.0,54.5914,54.5292,54.5816,94.5863,-15.831,0.0,1.201,
pip,k=0,10,0.0,0.0,0.0,54.5755,54.5611,54.5657,94.5735,-15.8293,0.0,1.201,
pip,k=0,11,0.0,0.1,0.0,54.5422,54.6277,54.5323,94.5469,-15.8259,0.0,1.201,
pip,k=0,12,0.0,0.2,0.0,54.5088,54.6944,54.499,94.5202,-15.8224,0.0,1.201,
pip,k=0,13,0.0,0.3,0.0,54.4755,54.761,54.4657,94.4935,-15.819,0.0,1.201,
pip,k=0,14,0.0,0.4,0.0,54.4422,54.8277,54.4324,94.4667,-15.8156,0.0,1.201,
pip,k=0,15,0.0,0.5,0.0,54.4089,54.8943,54.399,94.44,-15.8121,0.0,1.201,
pip,k=0,16,0.0,0.6,0.0,54.3755,54.961,54.3657,94.4132,-15.8087,0.0,1.201,
pip,k=0,17,0.0,0.7,0.0,54.3422,55.0276,54.3324,94.3863,-15.8053,0.0,1.201,
pip,k=0,18,0.0,0.8,0.0,54.3089,55.0943,54.2991,94.3595,-15.8019,0.0,1.201,
pip,k=0,19,0.0,0.9,0.0,54.2755,55.1609,54.2657,94.3326,-15.7985,0.0,1.201,
pip,k=0,20,0.0,1.0,0.0,54.2422,55.2276,54.2324,94.3057,-15.7951,0.0,1.201,
pip,k=0.1184,0,0.0,-1.0,0.0,54.1843,54.0731,54.1368,95.3392,-14.6784,15.9801,1.2510000000000001,
pip,k=0.1184,1,0.0,-0.9,0.0,54.1849,54.0739,54.1355,95.3392,-14.6797,15.9801,1.224,
pip,k=0.1184,2,0.0,-0.8,0.0,54.1817,54.0807,54.1318,95.3366,-14.6798,15.9801,1.216,
pip,k=0.1184,3,0.0,-0.7,0.0,54.1799,54.0844,54.1299,95.3352,-14.6797,15.9801,1.215,
pip,k=0.1184,4,0.0,-0.6,0.0,54.1761,54.0921,54.126,95.3321,-14.6794,15.9801,1.213,
pip,k=0.1184,5,0.0,-0.5,0.0,54.174,54.0964,54.1238,95.3304,-14.6793,15.9801,1.212,
pip,k=0.1184,6,0.0,-0.4,0.0,54.1717,54.101,54.1215,95.3286,-14.6791,15.9801,1.211,
pip,k=0.1184,7,0.0,-0.3,0.0,54.1675,54.1095,54.1172,95.3253,-14.6787,15.9801,1.21,
pip,k=0.1184,8,0.0,-0.2,0.0,54.1648,54.1149,54.1145,95.3231,-14.6785,15.9801,1.21,
pip,k=0.1184,9,0.0,-0.1,0.0,54.1631,54.1184,54.1127,95.3217,-14.6784,15.9801,1.209,
pip,k=0.1184,10,0.0,0.0,0.0,54.1608,54.1237,54.1098,95.3197,-14.6785,15.9801,1.201,
pip,k=0.1184,11,0.0,0.1,0.0,54.1551,54.1349,54.1042,95.3153,-14.678,15.9801,1.201,
pip,k=0.1184,12,0.0,0.2,0.0,54.1492,54.1459,54.0991,95.3107,-14.6769,15.9801,1.211,
pip,k=0.1184,13,0.0,0.3,0.0,54.1437,54.157,54.0936,95.3063,-14.6763,15.9801,1.212,
pip,k=0.1184,14,0.0,0.4,0.0,54.1381,54.168,54.0881,95.3019,-14.6757,15.9801,1.213,
pip,k=0.1184,15,0.0,0.5,0.0,54.1326,54.1789,54.0827,95.2976,-14.6751,15.9801,1.214,
pip,k=0.1184,16,0.0,0.6,0.0,54.1271,54.1897,54.0774,95.2932,-14.6744,15.9801,1.217,
pip,k=0.1184,17,0.0,0.7,0.0,54.1232,54.1897,54.0813,95.2919,-14.6686,15.9801,1.333,
pip,k=0.1184,18,0.0,0.8,0.0,54.1203,54.1897,54.0843,95.2909,-14.6644,15.9801,1.433,
pip,k=0.1184,19,0.0,0.9,0.0,54.1181,54.1897,54.0864,95.2902,-14.6612,15.9801,1.5190000000000001,
pip,k=0.1184,20,0.0,1.0,0.0,54.1164,54.1897,54.0881,95.2896,-14.6587,15.9801,1.596,
dip,k=0,0,0.0,0.0,-1.0,54.8595,54.845,53.9978,94.5953,-16.4427,0.0,1.201,
dip,k=0,1,0.0,0.0,-0.9,54.8458,54.8313,54.0251,94.5944,-16.4133,0.0,1.201,
dip,k=0,2,0.0,0.0,-0.8,54.8275,54.813,54.0618,94.5931,-16.3736,0.0,1.201,
dip,k=0,3,0.0,0.0,-0.7,54.8029,54.7884,54.111,94.5914,-16.3205,0.0,1.201,
dip,k=0,4,0.0,0.0,-0.6,54.7751,54.7607,54.1664,94.5894,-16.2606,0.0,1.201,
dip,k=0,5,0.0,0.0,-0.5,54.7422,54.7277,54.2324,94.5869,-16.1894,0.0,1.201,
dip,k=0,6,0.0,0.0,-0.4,54.7088,54.6944,54.299,94.5844,-16.1174,0.0,1.201,
dip,k=0,7,0.0,0.0,-0.3,54.6755,54.6611,54.3657,94.5818,-16.0454,0.0,1.201,
dip,k=0,8,0.0,0.0,-0.2,54.6422,54.6277,54.4323,94.5791,-15.9734,0.0,1.201,
dip,k=0,9,0.0,0.0,-0.1,54.6088,54.5944,54.499,94.5764,-15.9013,0.0,1.201,
dip,k=0,10,0.0,0.0,0.0,54.5755,54.5611,54.5657,94.5735,-15.8293,0.0,1.201,
dip,k=0,11,0.0,0.0,0.1,54.5422,54.5278,54.6323,94.5707,-15.7573,0.0,1.201,
dip,k=0,12,0.0,0.0,0.2,54.5062,54.4996,54.6964,94.5656,-15.685,0.0,1.201,
dip,k=0,13,0.0,0.0,0.3,54.4726,54.4668,54.7628,94.5624,-15.6129,0.0,1.201,
dip,k=0,14,0.0,0.0,0.4,54.4335,54.4451,54.8236,94.5547,-15.5402,0.0,1.201,
dip,k=0,15,0.0,0.0,0.5,54.3994,54.4133,54.8895,94.5509,-15.4681,0.0,1.201,
dip,k=0,16,0.0,0.0,0.6,54.3565,54.3991,54.9466,94.5401,-15.3951,0.0,1.201,
dip,k=0,17,0.0,0.0,0.7,54.3217,54.3687,55.0118,94.5356,-15.3229,0.0,1.201,
dip,k=0,18,0.0,0.0,0.8,54.2746,54.3629,55.0647,94.5213,-15.2494,0.0,1.201,
dip,k=0,19,0.0,0.0,0.9,54.2389,54.3343,55.129,94.516,-15.1771,0.0,1.201,
dip,k=0,20,0.0,0.0,1.0,54.2033,54.3056,55.1933,94.5106,-15.1048,0.0,1.201,
dip,k=0.1184,0,0.0,0.0,-1.0,54.1696,54.1514,54.0732,95.3164,-14.7108,15.9801,1.68,
dip,k=0.1184,1,0.0,0.0,-0.9,54.1702,54.1509,54.0731,95.3167,-14.7112,15.9801,1.6420000000000001,
dip,k=0.1184,2,0.0,0.0,-0.8,54.1707,54.1504,54.0732,95.317,-14.7116,15.9801,1.606,
dip,k=0.1184,3,0.0,0.0,-0.7,54.1715,54.1496,54.0732,95.3175,-14.7122,15.9801,1.555,
dip,k=0.1184,4,0.0,0.0,-0.6,54.1727,54.1484,54.0732,95.3181,-14.7131,15.9801,1.486,
dip,k=0.1184,5,0.0,0.0,-0.5,54.1744,54.1467,54.0731,95.3191,-14.7145,15.9801,1.3960000000000001,
dip,k=0.1184,6,0.0,0.0,-0.4,54.1768,54.1443,54.0731,95.3204,-14.7164,15.9801,1.291,
dip,k=0.1184,7,0.0,0.0,-0.3,54.1765,54.1403,54.0774,95.3213,-14.7133,15.9801,1.217,
dip,k=0.1184,8,0.0,0.0,-0.2,54.1713,54.1348,54.0881,95.3207,-14.7018,15.9801,1.213,
dip,k=0.1184,9,0.0,0.0,-0.1,54.1659,54.1293,54.099,95.3202,-14.69,15.9801,1.211,
dip,k=0.1184,10,0.0,0.0,0.0,54.1608,54.1237,54.1098,95.3197,-14.6785,15.9801,1.201,
dip,k=0.1184,11,0.0,0.0,0.1,54.1552,54.118,54.121,95.3191,-14.6664,15.9801,1.201,
dip,k=0.1184,12,0.0,0.0,0.2,54.1491,54.1133,54.1318,95.3181,-14.6542,15.9801,1.201,
dip,k=0.1184,13,0.0,0.0,0.3,54.1434,54.1078,54.143,95.3174,-14.642,15.9801,1.201,
dip,k=0.1184,14,0.0,0.0,0.4,54.1368,54.1041,54.1533,95.316,-14.6297,15.9801,1.201,
dip,k=0.1184,15,0.0,0.0,0.5,54.1311,54.0993,54.1639,95.3152,-14.6179,15.9801,1.211,
dip,k=0.1184,16,0.0,0.0,0.6,54.1239,54.097,54.1733,95.3133,-14.6058,15.9801,1.212,
dip,k=0.1184,17,0.0,0.0,0.7,54.1182,54.092,54.184,95.3124,-14.5939,15.9801,1.213,
dip,k=0.1184,18,0.0,0.0,0.8,54.1103,54.0911,54.1928,95.31,-14.5817,15.9801,1.213,
dip,k=0.1184,19,0.0,0.0,0.9,54.1096,54.095,54.1897,95.3088,-14.5833,15.9801,1.356,
dip,k=0.1184,20,0.0,0.0,1.0,54.1082,54.0963,54.1897,95.3081,-14.5822,15.9801,1.449,
all,k=0,0,0.2739,-0.4604,-0.9181,55.1161,54.6022,53.9839,94.7346,-16.6558,0.0,1.201,
all,k=0,1,-0.9669,0.6265,0.8255,53.447,55.0258,55.2294,94.0865,-14.4886,0.0,1.201,
all,k=0,2,0.2133,0.459,0.0872,54.5356,54.7668,54.3998,94.5115,-15.9116,0.0,1.201,
all,k=0,3,0.8701,0.6317,-0.9945,55.2661,55.0131,53.423,94.6782,-17.1578,0.0,1.201,
all,k=0,4,0.7148,-0.9328,0.4593,54.9985,53.9705,54.7332,94.8495,-16.0491,0.0,1.201,
all,k=0,5,-0.6487,0.7264,0.0829,53.8734,55.2338,54.5951,94.1829,-15.2573,0.0,1.201,
all,k=0,6,-0.4006,-0.1546,-0.9434,54.5838,54.9602,54.1582,94.4802,-16.115,0.0,1.201,
all,k=0,7,-0.7514,0.3412,0.2944,53.8627,54.9409,54.8986,94.2485,-15.0406,0.0,1.201,
all,k=0,8,0.2308,-0.2326,0.9944,54.3553,54.2378,55.1091,94.5772,-15.2824,0.0,1.201,
all,k=0,9,0.9617,0.3711,0.3009,54.9926,54.3876,54.322,94.7482,-16.3264,0.0,1.201,
all,k=0,10,0.3769,-0.2222,-0.7298,55.0972,54.6242,53.9808,94.7234,-16.6429,0.0,1.201,
all,k=0,11,0.443,0.0507,-0.3795,54.9804,54.5737,54.1481,94.6993,-16.4357,0.0,1.201,
all,k=0,12,-0.0283,0.779,0.8681,54.0076,54.8004,54.8942,94.33,-15.1571,0.0,1.201,
all,k=0,13,-0.2844,0.1431,-0.3563,54.457,54.8699,54.3753,94.4614,-15.8663,0.0,1.201,
all,k=0,14,0.1886,-0.3242,-0.2168,54.8208,54.4758,54.4056,94.6726,-16.1329,0.0,1.201,
all,k=0,15,0.7805,-0.5457,0.2464,55.0584,54.1295,54.5144,94.8308,-16.2468,0.0,1.201,
all,k=0,16,-0.832,0.6653,0.5742,53.6078,55.0904,55.004,94.127,-14.769,0.0,1.201,
all,k=0,17,-0.5213,0.753,-0.8829,54.2592,55.5187,53.9244,94.2402,-16.0191,0.0,1.201,
all,k=0,18,-0.3278,-0.6994,-0.0993,54.5027,54.4783,54.7213,94.5695,-15.6651,0.0,1.201,
all,k=0,19,0.5926,-0.5387,-0.896,55.3375,54.4975,53.8672,94.8282,-16.9117,0.0,1.201,
all,k=0,20,-0.1909,-0.603,-0.8185,54.7898,54.6912,54.2213,94.6109,-16.2347,0.0,1.201,
all,k=0,21,0.1607,-0.4026,0.344,54.6233,54.2822,54.7967,94.655,-15.7084,0.0,1.201,
all,k=0,22,-0.601,0.8842,-0.2698,53.9701,55.4406,54.2915,94.1654,-15.5412,0.0,1.201,
all,k=0,23,-0.789,0.2582,0.8543,53.6787,54.7114,55.3121,94.2388,-14.6123,0.0,1.201,
all,k=0,24,-0.1192,0.9092,-0.0002,54.1752,55.1889,54.3381,94.2932,-15.6701,0.0,1.201,
all,k=0,25,-0.1495,0.2404,0.9902,54.0656,54.4412,55.1954,94.433,-14.9954,0.0,1.201,
all,k=0,26,0.8979,-0.0799,0.5155,54.9389,54.2167,54.5467,94.7721,-16.1298,0.0,1.201,
all,k=0,27,-0.0052,0.0586,0.5716,54.362,54.4114,54.9288,94.539,-15.4116,0.0,1.201,
all,k=0,28,-0.1707,0.469,0.4223,54.1647,54.7898,54.7478,94.3849,-15.3809,0.0,1.201,
all,k=0,29,0.8641,-0.7701,0.458,55.0495,54.0191,54.6336,94.8543,-16.158,0.0,1.201,
all,k=0,30,0.8548,0.9359,-0.9706,55.1317,55.1981,53.3724,94.5912,-17.0853,0.0,1.201,
all,k=0,31,0.7273,0.9624,0.9144,54.4348,54.6554,54.6121,94.5054,-15.6865,0.0,1.201,
all,k=0,32,-0.7025,0.9453,0.7799,53.5323,55.1653,55.0046,94.0837,-14.7097,0.0,1.201,
all,k=0,33,0.6447,-0.04,-0.5353,55.1863,54.5193,53.9966,94.7765,-16.7029,0.0,1.201,
all,k=0,34,0.6038,0.8471,-0.4677,54.8207,55.0495,53.832,94.533,-16.5253,0.0,1.201,
all,k=0,35,0.0779,-0.1145,0.862,54.3103,54.3074,55.0845,94.5461,-15.2639,0.0,1.201,
all,k=0,36,-0.919,0.464,0.2287,53.732,55.1004,54.8698,94.1669,-14.9582,0.0,1.201,
all,k=0,37,-0.9433,0.4384,-0.968,54.0628,55.4298,54.2097,94.1984,-15.6698,0.0,1.201,
all,k=0,38,0.5159,0.0255,0.8582,54.5572,54.2554,54.8896,94.6398,-15.5924,0.0,1.201,
all,k=0,39,-0.8678,0.6826,-0.8666,54.0262,55.5619,54.1142,94.1544,-15.7064,0.0,1.201,
all,k=0,40,-0.3114,-0.1394,0.9321,54.0627,54.3432,55.2963,94.4545,-14.9236,0.0,1.201,
all,k=0,41,0.1245,-0.4823,-0.5166,54.907,54.5295,54.2658,94.687,-16.297,0.0,1.201,
all,k=0,42,0.7762,-0.5483,-0.7509,55.4312,54.3688,53.9022,94.8884,-16.9624,0.0,1.201,
all,k=0,43,-0.4233,0.1722,0.1082,54.1998,54.7809,54.7215,94.3986,-15.4266,0.0,1.201,
all,k=0,44,0.6194,0.121,-0.4232,55.0866,54.5738,54.0419,94.7324,-16.5927,0.0,1.201,
all,k=0,45,-0.1742,0.6362,0.253,54.163,54.9589,54.5804,94.3443,-15.4945,0.0,1.201,
all,k=0,46,0.9182,-0.2612,0.1052,55.1341,54.2567,54.3114,94.8241,-16.446,0.0,1.201,
all,k=0,47,0.1878,0.6966,-0.7091,54.7044,55.1985,53.7993,94.4599,-16.4556,0.0,1.201,
all,k=0,48,-0.187,0.8199,-0.9139,54.482,55.4742,53.7461,94.3219,-16.3163,0.0,1.201,
all,k=0,49,0.6454,-0.1692,0.6596,54.737,54.2238,54.7414,94.7057,-15.8364,0.0,1.201,
all,k=0,50,-0.9801,-0.2699,-0.8427,54.1941,55.0884,54.4198,94.3236,-15.629,0.0,1.201,
all,k=0,51,0.3052,-0.4523,0.4053,54.7006,54.2108,54.7908,94.697,-15.7736,0.0,1.201,
all,k=0,52,0.8876,-0.7464,0.7296,54.929,54.0121,54.7611,94.8175,-15.9748,0.0,1.201,
all,k=0,53,-0.8811,-0.2385,-0.1405,54.0721,54.8272,54.8028,94.3453,-15.2704,0.0,1.201,
all,k=0,54,-0.0223,0.9529,0.5514,54.0593,55.0199,54.6231,94.2955,-15.3838,0.0,1.201,
all,k=0,55,-0.3823,-0.4603,0.7262,54.1529,54.2979,55.2515,94.4955,-15.0252,0.0,1.201,
all,k=0,56,0.7626,0.0214,-0.3114,55.1738,54.4183,54.1102,94.7973,-16.6153,0.0,1.201,
all,k=0,57,0.9898,-0.3681,-0.6346,55.4999,54.3365,53.8658,94.9172,-17.0422,0.0,1.201,
all,k=0,58,0.7602,0.6247,0.3358,54.7621,54.6122,54.3279,94.6212,-16.1398,0.0,1.201,
all,k=0,59,0.9168,0.8514,0.4965,54.7374,54.6576,54.3073,94.6024,-16.1343,0.0,1.201,
all,k=0,60,0.7214,-0.5057,-0.7175,55.3757,54.3959,53.9307,94.8648,-16.8988,0.0,1.201,
all,k=0,61,0.3401,0.4292,-0.6659,54.8811,54.9557,53.8654,94.5749,-16.5503,0.0,1.201,
all,k=0,62,-0.2089,0.8205,0.1228,54.1219,55.1366,54.4437,94.2883,-15.5559,0.0,1.201,
all,k=0,63,0.1567,-0.6117,0.052,54.7555,54.3057,54.641,94.6923,-15.9198,0.0,1.201,
all,k=0,64,0.0469,-0.8221,0.9639,54.3822,54.0308,55.2893,94.6338,-15.1795,0.0,1.201,
all,k=0,65,0.1428,-0.9872,0.5453,54.6158,54.078,55.0084,94.7004,-15.557,0.0,1.201,
all,k=0,66,0.9565,0.1797,-0.3606,55.2541,54.463,53.9852,94.8112,-16.7647,0.0,1.201,
all,k=0,67,-0.625,0.3451,-0.6098,54.2385,55.1939,54.2698,94.3126,-15.7666,0.0,1.201,
all,k=0,68,0.1554,0.2045,0.9248,54.3026,54.3374,55.0622,94.5365,-15.2732,0.0,1.201,
all,k=0,69,-0.8555,-0.0001,0.4882,53.8345,54.6996,55.1682,94.2949,-14.8331,0.0,1.201,
all,k=0,70,-0.6455,-0.2239,-0.8742,54.4127,54.9873,54.3022,94.4188,-15.8815,0.0,1.201,
all,k=0,71,0.4518,-0.8245,-0.2098,55.0736,54.2238,54.4049,94.8131,-16.3339,0.0,1.201,
all,k=0,72,0.747,-0.0554,0.8252,54.7195,54.1949,54.7878,94.7068,-15.7906,0.0,1.201,
all,k=0,73,0.5318,0.8306,-0.7452,54.8882,55.1724,53.6416,94.5234,-16.7087,0.0,1.201,
all,k=0,74,-0.8529,-0.8593,0.7377,53.8995,54.3227,55.48,94.4035,-14.669,0.0,1.201,
all,k=0,75,0.2681,-0.0069,-0.6729,54.972,54.7091,54.0212,94.6637,-16.5159,0.0,1.201,
all,k=0,76,0.3475,-0.364,0.4218,54.7017,54.2345,54.7661,94.6917,-15.7914,0.0,1.201,
all,k=0,77,-0.0793,0.0149,0.5793,54.3163,54.4208,54.9651,94.5217,-15.3508,0.0,1.201,
all,k=0,78,-0.8145,0.1575,-0.6055,54.165,55.1224,54.4149,94.3059,-15.6094,0.0,1.201,
all,k=0,79,0.6163,-0.0223,0.9774,54.5694,54.2122,54.9206,94.6538,-15.5808,0.0,1.201,
all,k=0,80,-0.6341,0.926,0.6018,53.6436,55.1891,54.8696,94.1161,-14.8893,0.0,1.201,
all,k=0,81,-0.0375,0.6271,0.2057,54.273,54.923,54.5063,94.3889,-15.6317,0.0,1.201,
all,k=0,82,0.3102,0.8274,-0.8695,54.7944,55.297,53.6108,94.4634,-16.6554,0.0,1.201,
all,k=0,83,0.67,-0.2364,-0.3489,55.1689,54.3931,54.1402,94.8019,-16.5908,0.0,1.201,
all,k=0,84,0.9881,0.5624,-0.0289,54.9952,54.5551,54.1519,94.7085,-16.4449,0.0,1.201,
all,k=0,85,-0.1547,0.7551,-0.8264,54.4962,55.3913,53.8148,94.3469,-16.2806,0.0,1.201,
all,k=0,86,0.4168,0.5783,0.5984,54.4612,54.6082,54.6329,94.5252,-15.693,0.0,1.201,
all,k=0,87,-0.3554,0.5933,-0.5493,54.324,55.258,54.1203,94.3247,-15.9362,0.0,1.201,
all,k=0,88,-0.2754,-0.1651,0.0828,54.3825,54.5888,54.7309,94.5041,-15.5638,0.0,1.201,
all,k=0,89,-0.7748,-0.1861,-0.9994,54.3394,55.0994,54.2634,94.3681,-15.8504,0.0,1.201,
all,k=0,90,0.4888,0.7038,-0.7221,54.9,55.1005,53.7017,94.545,-16.6771,0.0,1.201,
all,k=0,91,0.4076,0.6422,0.9637,54.3119,54.5322,54.8581,94.4942,-15.4208,0.0,1.201,
all,k=0,92,0.6876,-0.1518,0.9594,54.6137,54.2128,54.8757,94.6682,-15.6467,0.0,1.201,
all,k=0,93,0.948,0.0074,0.5069,54.9437,54.2657,54.4928,94.762,-16.1706,0.0,1.201,
all,k=0,94,0.8277,-0.0477,0.7276,54.8039,54.2043,54.694,94.7319,-15.9218,0.0,1.201,
all,k=0,95,0.4031,-0.4122,0.5353,54.6893,54.2013,54.8116,94.6955,-15.7504,0.0,1.201,
all,k=0,96,0.1414,-0.8123,-0.2172,54.8671,54.3302,54.505,94.7222,-16.1015,0.0,1.201,
all,k=0,97,-0.8525,-0.0477,-0.1429,54.052,54.8983,54.7519,94.3219,-15.2896,0.0,1.201,
all,k=0,98,-0.1525,0.1726,-0.7546,54.6587,54.9693,54.0741,94.5018,-16.2317,0.0,1.201,
all,k=0,99,0.8675,0.3681,0.6476,54.8153,54.3015,54.5855,94.7125,-16.0053,0.0,1.201,
all,k=0,100,0.7936,0.1666,-0.9196,55.3555,54.7141,53.6327,94.78,-17.0861,0.0,1.201,
all,k=0,101,0.423,0.1381,0.6519,54.5912,54.3007,54.8103,94.6402,-15.6738,0.0,1.201,
all,k=0,102,0.0643,0.6265,0.994,54.0782,54.626,54.998,94.3945,-15.1411,0.0,1.201,
all,k=0,103,-0.2989,-0.658,-0.2167,54.5572,54.5125,54.6325,94.5792,-15.769,0.0,1.201,
all,k=0,104,0.5061,-0.1215,0.1768,54.8512,54.339,54.5121,94.7151,-16.0841,0.0,1.201,
all,k=0,105,-0.7453,0.4522,-0.4398,54.0741,55.2569,54.3713,94.2438,-15.568,0.0,1.201,
all,k=0,106,-0.6188,0.7259,0.1288,53.8782,55.2082,54.6159,94.1906,-15.2468,0.0,1.201,
all,k=0,107,-0.031,0.7976,-0.828,54.565,55.379,53.7583,94.3716,-16.3734,0.0,1.201,
all,k=0,108,0.3923,-0.344,-0.6492,55.1064,54.5406,54.0552,94.7467,-16.5994,0.0,1.201,
all,k=0,109,0.3496,-0.2744,-0.3402,54.9681,54.4657,54.2685,94.7216,-16.3436,0.0,1.201,
all,k=0,110,0.8874,-0.6014,0.0243,55.2193,54.1364,54.3466,94.8797,-16.4897,0.0,1.201,
all,k=0,111,-0.952,-0.6733,0.7668,53.8015,54.3905,55.5102,94.3543,-14.5715,0.0,1.201,
all,k=0,112,0.5785,0.1137,-0.5551,55.1083,54.629,53.965,94.7256,-16.6625,0.0,1.201,
all,k=0,113,0.1155,-0.9757,0.426,54.6489,54.1038,54.9495,94.7052,-15.6237,0.0,1.201,
all,k=0,114,0.4335,0.2921,0.2227,54.6929,54.5371,54.4723,94.6171,-15.9861,0.0,1.201,
all,k=0,115,-0.8526,-0.5072,0.1488,54.0345,54.6418,55.0259,94.3761,-15.0876,0.0,1.201,
all,k=0,116,-0.2116,0.984,0.8475,53.824,55.0051,54.8732,94.2204,-15.0278,0.0,1.201,
all,k=0,117,-0.696,0.1799,0.3924,53.9208,54.7822,54.9993,94.3051,-15.0168,0.0,1.201,
all,k=0,118,-0.7269,-0.3748,0.4318,54.0066,54.5403,55.1554,94.3902,-14.9766,0.0,1.201,
all,k=0,119,0.8022,-0.3165,-0.5221,55.3325,54.3712,53.9985,94.8577,-16.818,0.0,1.201,
all,k=0,120,0.6436,0.17,-0.0468,54.9461,54.4581,54.298,94.7165,-16.306,0.0,1.201,
all,k=0,121,-0.4877,-0.8547,-0.9642,54.6567,54.7436,54.3019,94.5559,-16.0742,0.0,1.201,
all,k=0,122,0.1599,-0.6178,0.9511,54.4085,54.104,55.1897,94.6258,-15.2688,0.0,1.201,
all,k=0,123,-0.785,-0.0958,-0.2107,54.1347,54.8678,54.6997,94.3565,-15.3903,0.0,1.201,
all,k=0,124,-0.5354,0.4975,0.2874,53.957,54.9753,54.7699,94.272,-15.2028,0.0,1.201,
all,k=0,125,0.4515,-0.8344,-0.2945,55.0947,54.2552,54.3523,94.8122,-16.3868,0.0,1.201,
all,k=0,126,0.0397,-0.1466,-0.9188,54.8884,54.7942,54.0197,94.6168,-16.4506,0.0,1.201,
all,k=0,127,-0.6119,0.89,-0.6749,54.0959,55.5831,54.0232,94.1718,-15.8234,0.0,1.201,
all,k=0,128,0.7041,0.6443,-0.2174,54.8647,54.7904,54.0472,94.6103,-16.4131,0.0,1.201,
all,k=0,129,-0.0664,0.648,0.3614,54.1948,54.8947,54.6127,94.37,-15.4972,0.0,1.201,
all,k=0,130,0.6739,0.5152,0.3825,54.7255,54.5524,54.4243,94.6239,-16.0447,0.0,1.201,
all,k=0,131,0.8259,0.6456,-0.6419,55.1014,54.9066,53.6942,94.655,-16.842,0.0,1.201,
all,k=0,132,0.4964,-0.8266,-0.1483,55.0749,54.207,54.4204,94.8175,-16.3243,0.0,1.201,
all,k=0,133,-0.2065,-0.5957,0.8758,54.2232,54.1835,55.2955,94.5454,-15.0501,0.0,1.201,
all,k=0,134,-0.8104,-0.9902,-0.3542,54.3067,54.6228,54.7727,94.4712,-15.4754,0.0,1.201,
all,k=0,135,0.9815,-0.4706,0.6614,54.967,54.0981,54.6371,94.8093,-16.0901,0.0,1.201,
all,k=0,136,-0.6538,0.1728,0.9168,53.7765,54.5886,55.3371,94.3006,-14.6714,0.0,1.201,
all,k=0,137,0.433,0.961,0.1491,54.4942,55.0076,54.2005,94.4401,-16.0154,0.0,1.201,
all,k=0,138,0.9667,0.6741,0.5565,54.8097,54.5028,54.3898,94.6626,-16.1351,0.0,1.201,
all,k=0,139,0.777,0.263,-0.2873,55.0837,54.5554,54.0631,94.736,-16.5759,0.0,1.201,
all,k=0,140,0.0566,-0.547,0.5551,54.5065,54.2005,54.9952,94.6359,-15.4799,0.0,1.201,
all,k=0,141,-0.6598,0.1544,0.0718,54.0603,54.86,54.782,94.3337,-15.2754,0.0,1.201,
all,k=0,142,0.3438,0.521,-0.7803,54.8912,55.0538,53.7573,94.5538,-16.6321,0.0,1.201,
all,k=0,143,0.2499,-0.1721,0.2284,54.6769,54.3797,54.6456,94.6494,-15.8546,0.0,1.201,
all,k=0,144,0.388,0.171,0.4658,54.6219,54.3905,54.6898,94.629,-15.7807,0.0,1.201,
all,k=0,145,0.0401,-0.0743,-0.4265,54.7493,54.68,54.273,94.6007,-16.1672,0.0,1.201,
all,k=0,146,-0.5417,0.3906,0.3914,53.9538,54.8715,54.877,94.2953,-15.1267,0.0,1.201,
all,k=0,147,-0.609,0.9437,0.3423,53.7409,55.2789,54.6824,94.1279,-15.0939,0.0,1.201,
all,k=0,148,0.0624,0.6824,-0.027,54.3833,54.9887,54.3302,94.409,-15.8392,0.0,1.201,
all,k=0,149,-0.0481,-0.4835,-0.6877,54.8388,54.6396,54.2239,94.6389,-16.2717,0.0,1.201,
all,k=0,150,0.4232,0.6882,0.3556,54.5097,54.7602,54.4323,94.5047,-15.8689,0.0,1.201,
all,k=0,151,-0.2624,0.1514,0.1268,54.3079,54.7072,54.6872,94.4516,-15.535,0.0,1.201,
all,k=0,152,0.8731,-0.2247,-0.6704,55.413,54.4295,53.8598,94.8679,-16.977,0.0,1.201,
all,k=0,153,0.7539,0.7895,-0.9035,55.101,55.1221,53.4791,94.601,-16.9883,0.0,1.201,
all,k=0,154,-0.6036,0.2726,0.5777,53.8898,54.7514,55.0611,94.3018,-14.95,0.0,1.201,
all,k=0,155,0.2134,-0.6168,-0.7647,55.0568,54.5326,54.1128,94.7332,-16.5206,0.0,1.201,
all,k=0,156,0.0119,0.631,-0.5659,54.5618,55.1662,53.9742,94.423,-16.2234,0.0,1.201,
all,k=0,157,-0.8497,0.1021,-0.6164,54.1596,55.0968,54.4458,94.3102,-15.5841,0.0,1.201,
all,k=0,158,-0.8652,0.5465,0.6425,53.6025,54.9996,55.1001,94.1463,-14.6988,0.0,1.201,
all,k=0,159,-0.2033,-0.4118,-0.4458,54.6499,54.6455,54.4068,94.5773,-15.9969,0.0,1.201,
all,k=0,160,-0.2781,0.1538,0.0556,54.3203,54.7377,54.6442,94.4485,-15.5744,0.0,1.201,
all,k=0,161,-0.2893,0.2748,0.3515,54.1739,54.7235,54.8048,94.4035,-15.3489,0.0,1.201,
all,k=0,162,0.1166,-0.2254,0.2478,54.6002,54.3805,54.7216,94.6244,-15.7418,0.0,1.201,
all,k=0,163,0.1838,-0.3194,-0.3936,54.8778,54.5338,54.2906,94.6767,-16.2569,0.0,1.201,
all,k=0,164,0.0915,0.2247,0.2216,54.4877,54.6065,54.608,94.5343,-15.731,0.0,1.201,
all,k=0,165,-0.2343,0.1315,0.9715,54.0516,54.4031,55.2475,94.437,-14.9485,0.0,1.201,
all,k=0,166,-0.144,0.686,-0.8374,54.53,55.3453,53.8269,94.3689,-16.299,0.0,1.201,
all,k=0,167,0.7505,0.8834,-0.4763,54.8987,55.0171,53.7864,94.5652,-16.6181,0.0,1.201,
all,k=0,168,-0.9758,-0.034,-0.6346,54.0985,55.1093,54.4944,94.2872,-15.5028,0.0,1.201,
all,k=0,169,0.9433,0.7954,0.9213,54.6321,54.4698,54.6003,94.6135,-15.8502,0.0,1.201,
all,k=0,170,0.2077,0.0303,0.6654,54.4591,54.3362,54.9069,94.5887,-15.5032,0.0,1.201,
all,k=0,171,0.3047,-0.5029,0.8686,54.5047,54.1389,55.0587,94.6496,-15.4348,0.0,1.201,
all,k=0,172,-0.1206,0.5471,0.0019,54.3121,54.9653,54.4248,94.3916,-15.7184,0.0,1.201,
all,k=0,173,-0.6333,-0.4081,0.1488,54.164,54.602,54.9362,94.4287,-15.2509,0.0,1.201,
all,k=0,174,-0.714,-0.9725,-0.1322,54.304,54.52,54.8783,94.4944,-15.4007,0.0,1.201,
all,k=0,175,0.5244,0.2283,-0.3517,54.9614,54.6509,54.0899,94.6746,-16.4606,0.0,1.201,
all,k=0,176,0.4345,-0.031,0.999,54.4513,54.245,55.0059,94.6073,-15.429,0.0,1.201,
all,k=0,177,0.5521,0.6613,-0.4809,54.8657,54.9604,53.8761,94.569,-16.5308,0.0,1.201,
all,k=0,178,-0.6954,-0.6014,-0.1355,54.2533,54.6456,54.8033,94.4482,-15.4124,0.0,1.201,
all,k=0,179,0.0243,-0.6108,0.5599,54.4965,54.1836,55.0222,94.6365,-15.4534,0.0,1.201,
all,k=0,180,0.7369,-0.368,0.0161,55.0989,54.2349,54.3684,94.8184,-16.379,0.0,1.201,
all,k=0,181,0.1887,0.4448,-0.7051,54.7881,55.0296,53.8846,94.5277,-16.4636,0.0,1.201,
all,k=0,182,-0.4383,0.4614,0.1364,54.0841,54.9692,54.6489,94.3158,-15.3855,0.0,1.201,
all,k=0,183,0.7999,-0.1043,-0.1868,55.1592,54.3449,54.1981,94.8106,-16.5435,0.0,1.201,
all,k=0,184,-0.387,-0.5373,0.3015,54.3041,54.4154,54.9827,94.5189,-15.329,0.0,1.201,
all,k=0,185,-0.4706,0.7246,-0.4587,54.1732,55.3537,54.1753,94.2527,-15.78,0.0,1.201,
all,k=0,186,0.3467,0.1364,0.2569,54.6755,54.4508,54.5759,94.6321,-15.9013,0.0,1.201,
all,k=0,187,0.7908,-0.66,-0.7004,55.4295,54.3204,53.9524,94.8998,-16.9268,0.0,1.201,
all,k=0,188,-0.7562,-0.8471,0.0685,54.1865,54.5145,55.0012,94.4566,-15.2239,0.0,1.201,
all,k=0,189,-0.6685,0.6143,-0.9548,54.2008,55.4689,54.0325,94.2336,-15.8993,0.0,1.201,
all,k=0,190,-0.2508,-0.0536,-0.5669,54.593,54.8238,54.2854,94.5162,-16.0352,0.0,1.201,
all,k=0,191,-0.2882,-0.5544,-0.4363,54.5986,54.6398,54.4638,94.5622,-15.9174,0.0,1.201,
all,k=0,192,0.8537,-0.1656,-0.2283,55.2187,54.3269,54.1566,94.8335,-16.6193,0.0,1.201,
all,k=0,193,0.2223,0.3283,0.3206,54.5074,54.599,54.5958,94.5425,-15.7549,0.0,1.201,
all,k=0,194,-0.8305,0.1638,0.4718,53.81,54.7898,55.1024,94.2658,-14.8592,0.0,1.201,
all,k=0,195,0.5911,0.1771,-0.7389,55.1568,54.7283,53.8171,94.7161,-16.8021,0.0,1.201,
all,k=0,196,-0.8325,-0.3539,0.8551,53.7926,54.4394,55.4702,94.3402,-14.5922,0.0,1.201,
all,k=0,197,-0.0548,0.7909,-0.0807,54.2893,55.1204,54.2926,94.3468,-15.7909,0.0,1.201,
all,k=0,198,0.5102,-0.0297,0.4174,54.7343,54.3363,54.6316,94.6782,-15.9095,0.0,1.201,
all,k=0,199,-0.3656,0.7797,-0.4686,54.2281,55.3588,54.1154,94.2693,-15.8641,0.0,1.201,
all,k=0,200,-0.9876,0.4423,0.3532,53.652,55.0673,54.9829,94.1474,-14.818,0.0,1.201,
all,k=0,201,0.3138,0.3748,0.1725,54.6022,54.6488,54.4512,94.5612,-15.9289,0.0,1.201,
all,k=0,202,-0.7694,0.3384,-0.9868,54.2221,55.3153,54.1648,94.2779,-15.8256,0.0,1.201,
all,k=0,203,-0.6343,-0.1582,-0.2433,54.2504,54.8194,54.6325,94.4062,-15.5273,0.0,1.201,
all,k=0,204,-0.7621,-0.1461,0.2472,54.0082,54.6865,55.0075,94.3568,-15.0796,0.0,1.201,
all,k=0,205,-0.2451,0.417,-0.5382,54.4525,55.1,54.1497,94.4044,-16.0173,0.0,1.201,
all,k=0,206,-0.7123,0.4978,0.3375,53.8223,55.0178,54.8622,94.2168,-15.034,0.0,1.201,
all,k=0,207,-0.1413,-0.7265,0.3274,54.4902,54.2631,54.9489,94.616,-15.4988,0.0,1.201,
all,k=0,208,0.4999,-0.6721,0.3786,54.8647,54.104,54.7336,94.7751,-15.9428,0.0,1.201,
all,k=0,209,-0.2887,0.8302,0.5031,53.9386,55.043,54.7206,94.2499,-15.2223,0.0,1.201,
all,k=0,210,-0.4525,0.8761,-0.9495,54.2897,55.6036,53.8089,94.229,-16.122,0.0,1.201,
all,k=0,211,-0.6304,-0.5162,0.4642,54.0794,54.4588,55.164,94.4336,-15.0278,0.0,1.201,
all,k=0,212,0.0523,-0.0712,-0.5549,54.7963,54.7268,54.1792,94.6043,-16.2686,0.0,1.201,
all,k=0,213,0.5129,-0.7658,-0.5053,55.1876,54.3135,54.2012,94.8271,-16.5641,0.0,1.201,
all,k=0,214,0.6127,-0.0979,0.7536,54.656,54.2592,54.787,94.6711,-15.7409,0.0,1.201,
all,k=0,215,0.2033,0.5791,-0.6252,54.7262,55.0874,53.8886,94.4941,-16.4119,0.0,1.201,
all,k=0,216,-0.3676,-0.2466,-0.0116,54.3673,54.6216,54.7134,94.4914,-15.5638,0.0,1.201,
all,k=0,217,-0.0551,0.6449,-0.6536,54.5417,55.2271,53.9334,94.4017,-16.2355,0.0,1.201,
all,k=0,218,0.703,0.7781,-0.849,55.0534,55.1139,53.5349,94.5886,-16.9124,0.0,1.201,
all,k=0,219,-0.9812,-0.4145,-0.1985,54.0484,54.8283,54.8255,94.3371,-15.2362,0.0,1.201,
all,k=0,220,0.9409,-0.8572,0.5626,55.0496,53.9911,54.6615,94.861,-16.1389,0.0,1.201,
all,k=0,221,-0.0492,-0.7403,-0.2678,54.7529,54.4162,54.5331,94.6652,-15.9918,0.0,1.201,
all,k=0,222,-0.2382,-0.5129,-0.4113,54.6204,54.6268,54.455,94.5723,-15.9406,0.0,1.201,
all,k=0,223,-0.1602,0.9245,-0.0823,54.174,55.244,54.2843,94.2795,-15.706,0.0,1.201,
all,k=0,224,0.9003,-0.9389,-0.8678,55.5171,54.2858,53.8994,94.9348,-17.033,0.0,1.201,
all,k=0,225,-0.9444,0.3319,-0.5595,54.0085,55.27,54.4237,94.2191,-15.4806,0.0,1.201,
all,k=0,226,0.1528,0.5907,-0.3364,54.5877,55.011,54.1035,94.4691,-16.1555,0.0,1.201,
all,k=0,227,-0.5086,0.4508,-0.0482,54.1023,55.0471,54.5528,94.3033,-15.4657,0.0,1.201,
all,k=0,228,-0.7016,-0.8251,0.4743,54.0882,54.3598,55.2542,94.4594,-14.9726,0.0,1.201,
all,k=0,229,0.7208,0.7807,0.0202,54.7891,54.8345,54.0787,94.5758,-16.3317,0.0,1.201,
all,k=0,230,-0.6931,-0.5487,-0.093,54.2287,54.6545,54.819,94.4379,-15.3823,0.0,1.201,
all,k=0,231,0.7037,0.3004,-0.4516,55.0851,54.6673,53.9499,94.709,-16.6544,0.0,1.201,
all,k=0,232,0.5119,-0.1291,0.9655,54.5223,54.2139,54.966,94.638,-15.5124,0.0,1.201,
all,k=0,233,-0.1425,0.6744,-0.9709,54.5737,55.376,53.7525,94.3751,-16.3843,0.0,1.201,
all,k=0,234,0.4364,-0.203,-0.002,54.8912,54.3633,54.4477,94.722,-16.1599,0.0,1.201,
all,k=0,235,-0.6023,0.859,-0.6007,54.0879,55.5345,54.0798,94.1811,-15.7784,0.0,1.201,
all,k=0,236,0.1232,0.1947,0.7169,54.3538,54.4109,54.9376,94.5364,-15.3991,0.0,1.201,
all,k=0,237,-0.0667,0.6598,0.0478,54.2952,55.0071,54.3999,94.376,-15.7221,0.0,1.201,
all,k=0,238,0.9127,0.4332,0.8242,54.7648,54.271,54.6665,94.7035,-15.9097,0.0,1.201,
all,k=0,239,0.8847,0.6045,-0.7553,55.1964,54.9017,53.6041,94.6851,-16.979,0.0,1.201,
all,k=0,240,-0.7511,0.2325,-0.4576,54.146,55.115,54.4413,94.3014,-15.5764,0.0,1.201,
all,k=0,241,-0.2297,-0.6523,0.5243,54.3524,54.2533,55.0965,94.5726,-15.2888,0.0,1.201,
all,k=0,242,0.709,-0.7344,0.0337,55.1298,54.1276,54.4447,94.8538,-16.3513,0.0,1.201,
all,k=0,243,-0.21,0.58,-0.07,54.2635,55.039,54.3997,94.3581,-15.6973,0.0,1.201,
all,k=0,244,0.4616,0.1322,0.9565,54.4805,54.2563,54.9655,94.6143,-15.4798,0.0,1.201,
all,k=0,245,-0.1607,0.9753,-0.1691,54.1868,55.3082,54.2072,94.2682,-15.7689,0.0,1.201,
all,k=0,246,-0.6347,0.5642,-0.4566,54.1166,55.3007,54.2849,94.2471,-15.6606,0.0,1.201,
all,k=0,247,0.1315,0.292,-0.6006,54.766,54.912,54.0241,94.5496,-16.3507,0.0,1.201,
all,k=0,248,-0.9312,0.9741,0.6348,53.4186,55.3091,54.9746,94.0111,-14.6419,0.0,1.201,
all,k=0,249,-0.7526,0.6959,-0.4837,54.0031,55.4369,54.2622,94.1771,-15.5871,0.0,1.201,
all,k=0,250,-0.5054,0.5452,0.5147,53.8853,54.9214,54.8955,94.2606,-15.0604,0.0,1.201,
all,k=0,251,0.6919,-0.7267,0.4952,54.925,54.0587,54.7185,94.8052,-16.001,0.0,1.201,
all,k=0,252,-0.0604,-0.3482,0.4686,54.4295,54.3241,54.9486,94.5817,-15.4512,0.0,1.201,
all,k=0,253,0.6903,-0.3551,-0.6904,55.322,54.4485,53.9317,94.8355,-16.8553,0.0,1.201,
all,k=0,254,0.9834,0.8384,-0.4203,55.0347,54.8752,53.7923,94.6423,-16.722,0.0,1.201,
all,k=0,255,0.6288,-0.8206,0.8251,54.7705,53.9748,54.9569,94.775,-15.7148,0.0,1.201,
all,k=0,256,0.5493,-0.6063,-0.4086,55.1787,54.3126,54.211,94.8245,-16.5502,0.0,1.201,
all,k=0,257,0.1911,-0.2885,0.4725,54.5749,54.281,54.8463,94.6395,-15.6361,0.0,1.201,
all,k=0,258,0.1847,-0.5859,0.2202,54.7186,54.2394,54.7442,94.696,-15.8198,0.0,1.201,
all,k=0,259,-0.9719,-0.7765,-0.6776,54.2323,54.886,54.584,94.3844,-15.5464,0.0,1.201,
all,k=0,260,-0.2926,-0.9762,0.8598,54.2327,54.0944,55.3752,94.569,-15.0027,0.0,1.201,
all,k=0,261,-0.521,-0.4587,-0.2487,54.38,54.672,54.6502,94.4836,-15.6172,0.0,1.201,
all,k=0,262,0.8815,-0.2964,-0.1377,55.2309,54.2398,54.2315,94.8584,-16.5778,0.0,1.201,
all,k=0,263,-0.403,0.9525,-0.2703,54.0777,55.4185,54.206,94.206,-15.684,0.0,1.201,
all,k=0,264,-0.8329,0.316,0.4332,53.7706,54.9049,55.0268,94.2256,-14.8804,0.0,1.201,
all,k=0,265,-0.2555,-0.5772,-0.1815,54.5584,54.5198,54.6241,94.5778,-15.7757,0.0,1.201,
all,k=0,266,-0.1219,0.9906,0.7169,53.9252,55.023,54.754,94.2501,-15.1888,0.0,1.201,
all,k=0,267,0.2418,-0.6122,0.3758,54.6911,54.1959,54.8152,94.6974,-15.7493,0.0,1.201,
all,k=0,268,0.518,-0.8492,-0.241,55.1318,54.2009,54.3696,94.8368,-16.4043,0.0,1.201,
all,k=0,269,-0.3463,0.1409,0.3061,54.1957,54.6684,54.8382,94.4237,-15.3431,0.0,1.201,
all,k=0,270,-0.6372,-0.0607,0.9843,53.8277,54.4353,55.4392,94.3532,-14.641,0.0,1.201,
all,k=0,271,-0.9683,-0.258,-0.3314,54.0747,54.922,54.7055,94.3238,-15.3393,0.0,1.201,
all,k=0,272,-0.1888,0.7384,-0.1234,54.2395,55.1521,54.3106,94.323,-15.7395,0.0,1.201,
all,k=0,273,0.7662,0.1511,-0.1508,55.0683,54.4388,54.1951,94.7595,-16.4734,0.0,1.201,
all,k=0,274,-0.4954,0.6472,0.2884,53.9334,55.0615,54.7073,94.2438,-15.2273,0.0,1.201,
all,k=0,275,-0.5755,-0.7399,-0.7491,54.5265,54.7602,54.4155,94.5101,-15.8936,0.0,1.201,
all,k=0,276,0.8181,-0.1932,0.6406,54.8345,54.2207,54.6471,94.7378,-15.9782,0.0,1.201,
all,k=0,277,0.7907,-0.5473,-0.9349,55.4787,54.4508,53.7728,94.8825,-17.0888,0.0,1.201,
all,k=0,278,-0.6393,0.546,-0.9692,54.242,55.4125,54.0477,94.2606,-15.9213,0.0,1.201,
all,k=0,279,0.1283,-0.6175,0.5333,54.5648,54.1774,54.96,94.6605,-15.5501,0.0,1.201,
all,k=0,280,-0.0412,0.0982,-0.4132,54.653,54.7779,54.2713,94.5464,-16.0923,0.0,1.201,
all,k=0,281,-0.0868,-0.9086,0.619,54.4364,54.1335,55.1323,94.6283,-15.3302,0.0,1.201,
all,k=0,282,0.815,0.5053,-0.0088,54.906,54.5819,54.2142,94.674,-16.3316,0.0,1.201,
all,k=0,283,0.6876,-0.9924,0.3319,55.0344,53.9989,54.6689,94.8543,-16.1217,0.0,1.201,
all,k=0,284,0.5348,-0.3467,0.7131,54.6689,54.196,54.8374,94.6902,-15.7165,0.0,1.201,
all,k=0,285,-0.9996,0.2642,-0.398,53.9491,55.1983,54.5549,94.2166,-15.3442,0.0,1.201,
all,k=0,286,0.2573,-0.4973,-0.5804,55.0079,54.5199,54.1744,94.721,-16.4396,0.0,1.201,
all,k=0,287,0.2523,-0.0061,-0.6254,54.9458,54.698,54.0583,94.6583,-16.4698,0.0,1.201,
all,k=0,288,0.7723,0.7648,0.0991,54.8024,54.7804,54.1194,94.5932,-16.3143,0.0,1.201,
all,k=0,289,0.4122,-0.0972,0.6029,54.6102,54.301,54.791,94.6463,-15.702,0.0,1.201,
all,k=0,290,0.6677,0.5283,-0.5137,55.0004,54.8466,53.8553,94.6388,-16.6518,0.0,1.201,
all,k=0,291,-0.951,0.3165,-0.1775,53.8952,55.1481,54.6589,94.2106,-15.2307,0.0,1.201,
all,k=0,292,0.7885,0.7197,0.0675,54.8388,54.7555,54.108,94.6107,-16.351,0.0,1.201,
all,k=0,293,-0.2451,0.426,0.4187,54.1306,54.7871,54.7845,94.3742,-15.3289,0.0,1.201,
all,k=0,294,0.3646,0.6848,0.1546,54.5387,54.8445,54.319,94.4938,-15.9694,0.0,1.201,
all,k=0,295,0.0321,0.0338,0.778,54.3065,54.3532,55.0425,94.5342,-15.2898,0.0,1.201,
all,k=0,296,-0.2665,0.6838,0.0098,54.1667,55.1024,54.4331,94.3112,-15.5983,0.0,1.201,
all,k=0,297,-0.8293,-0.102,-0.4176,54.1675,54.9506,54.5842,94.3477,-15.4953,0.0,1.201,
all,k=0,298,0.0558,0.7066,-0.6411,54.5909,55.2271,53.8843,94.4172,-16.3079,0.0,1.201,
all,k=0,299,-0.0496,0.165,0.5396,54.3076,54.5077,54.8869,94.4985,-15.3976,0.0,1.201,
all,k=0.1184,0,0.2739,-0.4604,-0.9181,54.1896,54.1313,54.0733,95.3278,-14.7264,15.9801,1.689,
all,k=0.1184,1,-0.9669,0.6265,0.8255,54.0732,54.157,54.1641,95.2823,-14.5723,15.9801,1.8860000000000001,
all,k=0.1184,2,0.2133,0.459,0.0872,54.1535,54.1579,54.0828,95.3095,-14.6914,15.9801,1.214,
all,k=0.1184,3,0.8701,0.6317,-0.9945,54.171,54.1501,54.0731,95.3172,-14.7119,15.9801,2.081,
all,k=0.1184,4,0.7148,-0.9328,0.4593,54.1857,54.0731,54.1354,95.3397,-14.6805,15.9801,1.622,
all,k=0.1184,5,-0.6487,0.7264,0.0829,54.0823,54.1897,54.1222,95.278,-14.6084,15.9801,1.602,
all,k=0.1184,6,-0.4006,-0.1546,-0.9434,54.151,54.1701,54.0732,95.3058,-14.6961,15.9801,1.495,
all,k=0.1184,7,-0.7514,0.3412,0.2944,54.0732,54.1675,54.1535,95.2799,-14.5796,15.9801,1.5,
all,k=0.1184,8,0.2308,-0.2326,0.9944,54.1246,54.0799,54.1897,95.3174,-14.5951,15.9801,1.322,
all,k=0.1184,9,0.9617,0.3711,0.3009,54.1897,54.1098,54.0948,95.3327,-14.7116,15.9801,1.562,
all,k=0.1184,10,0.3769,-0.2222,-0.7298,54.188,54.1331,54.0731,95.3268,-14.7252,15.9801,1.691,
all,k=0.1184,11,0.443,0.0507,-0.3795,54.1896,54.1281,54.0765,95.3285,-14.7242,15.9801,1.549,
all,k=0.1184,12,-0.0283,0.779,0.8681,54.0732,54.16,54.1611,95.2817,-14.5744,15.9801,1.29,
all,k=0.1184,13,-0.2844,0.1431,-0.3563,54.1406,54.1748,54.0789,95.3012,-14.684,15.9801,1.216,
all,k=0.1184,14,0.1886,-0.3242,-0.2168,54.1896,54.1132,54.0914,95.3319,-14.7139,15.9801,1.332,
all,k=0.1184,15,0.7805,-0.5457,0.2464,54.1897,54.0892,54.1153,95.3374,-14.6974,15.9801,1.6320000000000001,
all,k=0.1184,16,-0.832,0.6653,0.5742,54.0732,54.1669,54.1542,95.2801,-14.5792,15.9801,1.762,
all,k=0.1184,17,-0.5213,0.753,-0.8829,54.1222,54.1897,54.0823,95.2916,-14.6672,15.9801,1.855,
all,k=0.1184,18,-0.3278,-0.6994,-0.0993,54.1488,54.1093,54.1361,95.3189,-14.651,15.9801,1.201,
all,k=0.1184,19,0.5926,-0.5387,-0.896,54.1897,54.1249,54.0797,95.3293,-14.722,15.9801,1.871,
all,k=0.1184,20,-0.1909,-0.603,-0.8185,54.1789,54.1422,54.0731,95.3217,-14.7181,15.9801,1.413,
all,k=0.1184,21,0.1607,-0.4026,0.344,54.1683,54.0772,54.1488,95.3329,-14.6576,15.9801,1.218,
all,k=0.1184,22,-0.601,0.8842,-0.2698,54.1013,54.1897,54.1033,95.2845,-14.6363,15.9801,1.795,
all,k=0.1184,23,-0.789,0.2582,0.8543,54.0731,54.1398,54.1813,95.2862,-14.5605,15.9801,1.698,
all,k=0.1184,24,-0.1192,0.9092,-0.0002,54.1088,54.1897,54.0957,95.287,-14.6474,15.9801,1.553,
all,k=0.1184,25,-0.1495,0.2404,0.9902,54.0924,54.1121,54.1897,95.2991,-14.5698,15.9801,1.452,
all,k=0.1184,26,0.8979,-0.0799,0.5155,54.1897,54.0892,54.1153,95.3374,-14.6975,15.9801,1.496,
all,k=0.1184,27,-0.0052,0.0586,0.5716,54.1249,54.0989,54.1705,95.3131,-14.6085,15.9801,1.211,
all,k=0.1184,28,-0.1707,0.469,0.4223,54.0923,54.1616,54.1403,95.2878,-14.6037,15.9801,1.214,
all,k=0.1184,29,0.8641,-0.7701,0.458,54.1897,54.0788,54.1258,95.3397,-14.6902,15.9801,1.622,
all,k=0.1184,30,0.8548,0.9359,-0.9706,54.1635,54.1575,54.0732,95.3129,-14.7059,15.9801,2.109,
all,k=0.1184,31,0.7273,0.9624,0.9144,54.1368,54.1396,54.1178,95.308,-14.6542,15.9801,1.201,
all,k=0.1184,32,-0.7025,0.9453,0.7799,54.0731,54.1688,54.1522,95.2796,-14.5805,15.9801,1.823,
all,k=0.1184,33,0.6447,-0.04,-0.5353,54.1897,54.125,54.0795,95.3292,-14.7221,15.9801,1.7530000000000001,
all,k=0.1184,34,0.6038,0.8471,-0.4677,54.1597,54.1614,54.0731,95.3108,-14.703,15.9801,1.82,
all,k=0.1184,35,0.0779,-0.1145,0.862,54.1176,54.0869,54.1897,95.3134,-14.5896,15.9801,1.282,
all,k=0.1184,36,-0.919,0.464,0.2287,54.0731,54.1744,54.1467,95.2784,-14.5843,15.9801,1.6460000000000001,
all,k=0.1184,37,-0.9433,0.4384,-0.968,54.1071,54.1897,54.0974,95.2864,-14.645,15.9801,1.7830000000000001,
all,k=0.1184,38,0.5159,0.0255,0.8582,54.1566,54.0744,54.1633,95.3295,-14.6384,15.9801,1.223,
all,k=0.1184,39,-0.8678,0.6826,-0.8666,54.1084,54.1897,54.0962,95.2869,-14.6468,15.9801,1.885,
all,k=0.1184,40,-0.3114,-0.1394,0.9321,54.0986,54.1059,54.1897,95.3026,-14.5746,15.9801,1.575,
all,k=0.1184,41,0.1245,-0.4823,-0.5166,54.1897,54.1227,54.0819,95.3297,-14.7205,15.9801,1.456,
all,k=0.1184,42,0.7762,-0.5483,-0.7509,54.1897,54.1181,54.0865,95.3308,-14.7173,15.9801,1.936,
all,k=0.1184,43,-0.4233,0.1722,0.1082,54.0981,54.1602,54.136,95.2901,-14.6113,15.9801,1.213,
all,k=0.1184,44,0.6194,0.121,-0.4232,54.1896,54.1286,54.076,95.3284,-14.7245,15.9801,1.663,
all,k=0.1184,45,-0.1742,0.6362,0.253,54.092,54.1896,54.1127,95.2813,-14.6225,15.9801,1.214,
all,k=0.1184,46,0.9182,-0.2612,0.1052,54.1897,54.1037,54.1008,95.3341,-14.7074,15.9801,1.706,
all,k=0.1184,47,0.1878,0.6966,-0.7091,54.1511,54.17,54.0731,95.3059,-14.6962,15.9801,1.843,
all,k=0.1184,48,-0.187,0.8199,-0.9139,54.1363,54.1847,54.0732,95.2975,-14.6846,15.9801,1.8820000000000001,
all,k=0.1184,49,0.6454,-0.1692,0.6596,54.1826,54.0731,54.1385,95.3387,-14.6759,15.9801,1.264,
all,k=0.1184,50,-0.9801,-0.2699,-0.8427,54.1062,54.1897,54.0983,95.2861,-14.6436,15.9801,1.426,
all,k=0.1184,51,0.3052,-0.4523,0.4053,54.1755,54.0731,54.1456,95.3362,-14.6654,15.9801,1.29,
all,k=0.1184,52,0.8876,-0.7464,0.7296,54.1833,54.0732,54.1378,95.3389,-14.677,15.9801,1.559,
all,k=0.1184,53,-0.8811,-0.2385,-0.1405,54.0775,54.1676,54.1492,95.2814,-14.586,15.9801,1.219,
all,k=0.1184,54,-0.0223,0.9529,0.5514,54.0831,54.1897,54.1215,95.2783,-14.6095,15.9801,1.321,
all,k=0.1184,55,-0.3823,-0.4603,0.7262,54.1045,54.1001,54.1897,95.3059,-14.5792,15.9801,1.5150000000000001,
all,k=0.1184,56,0.7626,0.0214,-0.3114,54.1897,54.1172,54.0873,95.331,-14.7167,15.9801,1.743,
all,k=0.1184,57,0.9898,-0.3681,-0.6346,54.1897,54.1172,54.0874,95.331,-14.7167,15.9801,1.98,
all,k=0.1184,58,0.7602,0.6247,0.3358,54.1888,54.1323,54.0731,95.3273,-14.7258,15.9801,1.238,
all,k=0.1184,59,0.9168,0.8514,0.4965,54.182,54.1391,54.0732,95.3234,-14.7205,15.9801,1.2750000000000001,
all,k=0.1184,60,0.7214,-0.5057,-0.7175,54.1897,54.119,54.0856,95.3306,-14.7179,15.9801,1.899,
all,k=0.1184,61,0.3401,0.4292,-0.6659,54.1651,54.156,54.0732,95.3138,-14.7072,15.9801,1.7910000000000001,
all,k=0.1184,62,-0.2089,0.8205,0.1228,54.1006,54.1897,54.1039,95.2843,-14.6354,15.9801,1.489,
all,k=0.1184,63,0.1567,-0.6117,0.052,54.1901,54.0811,54.123,95.3394,-14.6925,15.9801,1.216,
all,k=0.1184,64,0.0469,-0.8221,0.9639,54.1304,54.0742,54.1897,95.3206,-14.5996,15.9801,1.577,
all,k=0.1184,65,0.1428,-0.9872,0.5453,54.1552,54.0731,54.1659,95.3293,-14.6355,15.9801,1.504,
all,k=0.1184,66,0.9565,0.1797,-0.3606,54.1897,54.1216,54.0829,95.33,-14.7198,15.9801,1.81,
all,k=0.1184,67,-0.625,0.3451,-0.6098,54.1152,54.1897,54.0893,95.2892,-14.6568,15.9801,1.557,
all,k=0.1184,68,0.1554,0.2045,0.9248,54.115,54.0868,54.1924,95.3125,-14.5857,15.9801,1.214,
all,k=0.1184,69,-0.8555,-0.0001,0.4882,54.0732,54.1409,54.1802,95.286,-14.5612,15.9801,1.534,
all,k=0.1184,70,-0.6455,-0.2239,-0.8742,54.1328,54.1884,54.0731,95.2955,-14.6818,15.9801,1.283,
all,k=0.1184,71,0.4518,-0.8245,-0.2098,54.1897,54.098,54.1066,95.3354,-14.7035,15.9801,1.651,
all,k=0.1184,72,0.747,-0.0554,0.8252,54.1764,54.0731,54.1447,95.3365,-14.6668,15.9801,1.314,
all,k=0.1184,73,0.5318,0.8306,-0.7452,54.1583,54.1628,54.0731,95.31,-14.7019,15.9801,1.954,
all,k=0.1184,74,-0.8529,-0.8593,0.7377,54.0949,54.1096,54.1897,95.3005,-14.5717,15.9801,1.7590000000000001,
all,k=0.1184,75,0.2681,-0.0069,-0.6729,54.1807,54.1404,54.0732,95.3227,-14.7195,15.9801,1.651,
all,k=0.1184,76,0.3475,-0.364,0.4218,54.1785,54.0731,54.1426,95.3372,-14.6698,15.9801,1.248,
all,k=0.1184,77,-0.0793,0.0149,0.5793,54.1173,54.1005,54.1765,95.3102,-14.5984,15.9801,1.211,
all,k=0.1184,78,-0.8145,0.1575,-0.6055,54.1046,54.1897,54.1,95.2856,-14.6412,15.9801,1.469,
all,k=0.1184,79,0.6163,-0.0223,0.9774,54.1561,54.0732,54.165,95.3296,-14.6368,15.9801,1.285,
all,k=0.1184,80,-0.6341,0.926,0.6018,54.0732,54.1761,54.1449,95.278,-14.5856,15.9801,1.731,
all,k=0.1184,81,-0.0375,0.6271,0.2057,54.11,54.1839,54.1003,95.2888,-14.6453,15.9801,1.211,
all,k=0.1184,82,0.3102,0.8274,-0.8695,54.1525,54.1686,54.0731,95.3067,-14.6973,15.9801,1.972,
all,k=0.1184,83,0.67,-0.2364,-0.3489,54.1897,54.1153,54.0893,95.3315,-14.7154,15.9801,1.738,
all,k=0.1184,84,0.9881,0.5624,-0.0289,54.1896,54.1264,54.0782,95.3289,-14.723,15.9801,1.566,
all,k=0.1184,85,-0.1547,0.7551,-0.8264,54.1377,54.1834,54.0731,95.2983,-14.6857,15.9801,1.831,
all,k=0.1184,86,0.4168,0.5783,0.5984,54.1414,54.1316,54.1212,95.3113,-14.6554,15.9801,1.201,
all,k=0.1184,87,-0.3554,0.5933,-0.5493,54.1245,54.1897,54.08,95.2923,-14.6706,15.9801,1.6280000000000001,
all,k=0.1184,88,-0.2754,-0.1651,0.0828,54.1283,54.1282,54.1377,95.3077,-14.6339,15.9801,1.201,
all,k=0.1184,89,-0.7748,-0.1861,-0.9994,54.1238,54.1897,54.0807,95.2921,-14.6695,15.9801,1.441,
all,k=0.1184,90,0.4888,0.7038,-0.7221,54.1606,54.1604,54.0732,95.3113,-14.7037,15.9801,1.9140000000000001,
all,k=0.1184,91,0.4076,0.6422,0.9637,54.1162,54.1188,54.1592,95.3057,-14.6095,15.9801,1.201,
all,k=0.1184,92,0.6876,-0.1518,0.9594,54.1625,54.0731,54.1586,95.3318,-14.6462,15.9801,1.365,
all,k=0.1184,93,0.948,0.0074,0.5069,54.1896,54.0918,54.1128,95.3368,-14.6991,15.9801,1.53,
all,k=0.1184,94,0.8277,-0.0477,0.7276,54.1897,54.0733,54.1313,95.341,-14.6864,15.9801,1.3,
all,k=0.1184,95,0.4031,-0.4122,0.5353,54.1728,54.0731,54.1483,95.3353,-14.6615,15.9801,1.304,
all,k=0.1184,96,0.1414,-0.8123,-0.2172,54.1897,54.0966,54.108,95.3357,-14.7025,15.9801,1.4040000000000001,
all,k=0.1184,97,-0.8525,-0.0477,-0.1429,54.0745,54.179,54.1408,95.2778,-14.5895,15.9801,1.223,
all,k=0.1184,98,-0.1525,0.1726,-0.7546,54.1556,54.1655,54.0732,95.3084,-14.6997,15.9801,1.593,
all,k=0.1184,99,0.8675,0.3681,0.6476,54.1897,54.0883,54.1162,95.3376,-14.6968,15.9801,1.321,
all,k=0.1184,100,0.7936,0.1666,-0.9196,54.1837,54.1373,54.0732,95.3244,-14.7218,15.9801,1.958,
all,k=0.1184,101,0.423,0.1381,0.6519,54.1626,54.0809,54.1507,95.3301,-14.6518,15.9801,1.216,
all,k=0.1184,102,0.0643,0.6265,0.994,54.0783,54.1345,54.1814,95.2892,-14.5644,15.9801,1.219,
all,k=0.1184,103,-0.2989,-0.658,-0.2167,54.1578,54.1153,54.1211,95.3206,-14.6684,15.9801,1.201,
all,k=0.1184,104,0.5061,-0.1215,0.1768,54.1896,54.0968,54.1078,95.3356,-14.7026,15.9801,1.3780000000000001,
all,k=0.1184,105,-0.7453,0.4522,-0.4398,54.1021,54.1897,54.1025,95.2847,-14.6375,15.9801,1.627,
all,k=0.1184,106,-0.6188,0.7259,0.1288,54.0807,54.1897,54.1238,95.2775,-14.606,15.9801,1.574,
all,k=0.1184,107,-0.031,0.7976,-0.828,54.1416,54.1795,54.0731,95.3005,-14.6887,15.9801,1.873,
all,k=0.1184,108,0.3923,-0.344,-0.6492,54.1896,54.1261,54.0784,95.3289,-14.7228,15.9801,1.681,
all,k=0.1184,109,0.3496,-0.2744,-0.3402,54.1897,54.117,54.0876,95.331,-14.7165,15.9801,1.534,
all,k=0.1184,110,0.8874,-0.6014,0.0243,54.1897,54.0965,54.108,95.3357,-14.7024,15.9801,1.793,
all,k=0.1184,111,-0.952,-0.6733,0.7668,54.0878,54.1168,54.1897,95.2965,-14.5662,15.9801,1.7750000000000001,
all,k=0.1184,112,0.5785,0.1137,-0.5551,54.1879,54.1332,54.0731,95.3267,-14.7251,15.9801,1.704,
all,k=0.1184,113,0.1155,-0.9757,0.426,54.1601,54.0731,54.161,95.331,-14.6427,15.9801,1.469,
all,k=0.1184,114,0.4335,0.2921,0.2227,54.1797,54.1198,54.0947,95.327,-14.7039,15.9801,1.211,
all,k=0.1184,115,-0.8526,-0.5072,0.1488,54.0732,54.1366,54.1844,95.287,-14.5583,15.9801,1.238,
all,k=0.1184,116,-0.2116,0.984,0.8475,54.0732,54.1715,54.1495,95.279,-14.5824,15.9801,1.548,
all,k=0.1184,117,-0.696,0.1799,0.3924,54.0732,54.1526,54.1684,95.2833,-14.5694,15.9801,1.423,
all,k=0.1184,118,-0.7269,-0.3748,0.4318,54.082,54.1226,54.1897,95.2932,-14.5617,15.9801,1.3980000000000001,
all,k=0.1184,119,0.8022,-0.3165,-0.5221,54.1896,54.1168,54.0878,95.3311,-14.7164,15.9801,1.869,
all,k=0.1184,120,0.6436,0.17,-0.0468,54.1897,54.1155,54.089,95.3314,-14.7156,15.9801,1.5070000000000001,
all,k=0.1184,121,-0.4877,-0.8547,-0.9642,54.1689,54.1522,54.0731,95.316,-14.7102,15.9801,1.284,
all,k=0.1184,122,0.1599,-0.6178,0.9511,54.132,54.0731,54.1891,95.3214,-14.6012,15.9801,1.448,
all,k=0.1184,123,-0.785,-0.0958,-0.2107,54.0875,54.1745,54.1323,95.2832,-14.6055,15.9801,1.215,
all,k=0.1184,124,-0.5354,0.4975,0.2874,54.0731,54.1797,54.1414,95.2772,-14.588,15.9801,1.37,
all,k=0.1184,125,0.4515,-0.8344,-0.2945,54.1896,54.1017,54.1029,95.3345,-14.706,15.9801,1.672,
all,k=0.1184,126,0.0397,-0.1466,-0.9188,54.1734,54.1477,54.0731,95.3185,-14.7137,15.9801,1.6500000000000001,
all,k=0.1184,127,-0.6119,0.89,-0.6749,54.1132,54.1897,54.0914,95.2885,-14.6539,15.9801,1.9020000000000001,
all,k=0.1184,128,0.7041,0.6443,-0.2174,54.1731,54.148,54.0731,95.3183,-14.7135,15.9801,1.625,
all,k=0.1184,129,-0.0664,0.648,0.3614,54.0972,54.1791,54.118,95.2855,-14.6229,15.9801,1.213,
all,k=0.1184,130,0.6739,0.5152,0.3825,54.1849,54.1224,54.0869,95.3282,-14.7133,15.9801,1.213,
all,k=0.1184,131,0.8259,0.6456,-0.6419,54.1721,54.149,54.0732,95.3178,-14.7127,15.9801,1.92,
all,k=0.1184,132,0.4964,-0.8266,-0.1483,54.1897,54.0966,54.108,95.3357,-14.7025,15.9801,1.653,
all,k=0.1184,133,-0.2065,-0.5957,0.8758,54.115,54.0896,54.1897,95.3119,-14.5875,15.9801,1.582,
all,k=0.1184,134,-0.8104,-0.9902,-0.3542,54.1156,54.134,54.1447,95.302,-14.6191,15.9801,1.201,
all,k=0.1184,135,0.9815,-0.4706,0.6614,54.1896,54.0793,54.1253,95.3396,-14.6906,15.9801,1.5290000000000001,
all,k=0.1184,136,-0.6538,0.1728,0.9168,54.0749,54.1297,54.1897,95.2891,-14.556,15.9801,1.62,
all,k=0.1184,137,0.433,0.961,0.1491,54.1423,54.1788,54.0731,95.3009,-14.6893,15.9801,1.44,
all,k=0.1184,138,0.9667,0.6741,0.5565,54.1896,54.1165,54.0881,95.3311,-14.7162,15.9801,1.312,
all,k=0.1184,139,0.777,0.263,-0.2873,54.1897,54.1271,54.0775,95.3287,-14.7235,15.9801,1.6600000000000001,
all,k=0.1184,140,0.0566,-0.547,0.5551,54.1468,54.0731,54.1743,95.3265,-14.6231,15.9801,1.324,
all,k=0.1184,141,-0.6598,0.1544,0.0718,54.0757,54.1728,54.1458,95.2796,-14.5869,15.9801,1.221,
all,k=0.1184,142,0.3438,0.521,-0.7803,54.1619,54.1593,54.0731,95.312,-14.7047,15.9801,1.873,
all,k=0.1184,143,0.2499,-0.1721,0.2284,54.177,54.0939,54.1234,95.332,-14.6819,15.9801,1.212,
all,k=0.1184,144,0.388,0.171,0.4658,54.1679,54.0955,54.1308,95.3286,-14.6697,15.9801,1.212,
all,k=0.1184,145,0.0401,-0.0743,-0.4265,54.1794,54.1417,54.0731,95.3219,-14.7184,15.9801,1.335,
all,k=0.1184,146,-0.5417,0.3906,0.3914,54.0731,54.1658,54.1552,95.2803,-14.5784,15.9801,1.375,
all,k=0.1184,147,-0.609,0.9437,0.3423,54.0741,54.1897,54.1304,95.2752,-14.5963,15.9801,1.649,
all,k=0.1184,148,0.0624,0.6824,-0.027,54.1287,54.1898,54.0758,95.2938,-14.6767,15.9801,1.268,
all,k=0.1184,149,-0.0481,-0.4835,-0.6877,54.1853,54.1357,54.0732,95.3253,-14.723,15.9801,1.41,
all,k=0.1184,150,0.4232,0.6882,0.3556,54.1492,54.1568,54.0882,95.3083,-14.6844,15.9801,1.213,
all,k=0.1184,151,-0.2624,0.1514,0.1268,54.1157,54.1483,54.1303,95.2988,-14.629,15.9801,1.201,
all,k=0.1184,152,0.8731,-0.2247,-0.6704,54.1897,54.1214,54.0832,95.3301,-14.7196,15.9801,1.924,
all,k=0.1184,153,0.7539,0.7895,-0.9035,54.1649,54.1562,54.0731,95.3137,-14.7071,15.9801,2.051,
all,k=0.1184,154,-0.6036,0.2726,0.5777,54.0731,54.1478,54.1733,95.2844,-14.566,15.9801,1.465,
all,k=0.1184,155,0.2134,-0.6168,-0.7647,54.1897,54.1251,54.0795,95.3292,-14.7222,15.9801,1.6300000000000001,
all,k=0.1184,156,0.0119,0.631,-0.5659,54.1444,54.1767,54.0732,95.3021,-14.6909,15.9801,1.696,
all,k=0.1184,157,-0.8497,0.1021,-0.6164,54.1035,54.1897,54.101,95.2852,-14.6397,15.9801,1.442,
all,k=0.1184,158,-0.8652,0.5465,0.6425,54.0732,54.16,54.161,95.2816,-14.5744,15.9801,1.766,
all,k=0.1184,159,-0.2033,-0.4118,-0.4458,54.1724,54.138,54.0838,95.3204,-14.7056,15.9801,1.214,
all,k=0.1184,160,-0.2781,0.1538,0.0556,54.1178,54.1534,54.123,95.2983,-14.6357,15.9801,1.201,
all,k=0.1184,161,-0.2893,0.2748,0.3515,54.0938,54.1507,54.1498,95.2908,-14.5984,15.9801,1.213,
all,k=0.1184,162,0.1166,-0.2254,0.2478,54.1646,54.0934,54.1362,95.3279,-14.6633,15.9801,1.212,
all,k=0.1184,163,0.1838,-0.3194,-0.3936,54.1897,54.1226,54.082,95.3298,-14.7204,15.9801,1.417,
all,k=0.1184,164,0.0915,0.2247,0.2216,54.1459,54.1313,54.117,95.3129,-14.6619,15.9801,1.201,
all,k=0.1184,165,-0.2343,0.1315,0.9715,54.0946,54.1099,54.1897,95.3003,-14.5715,15.9801,1.5190000000000001,
all,k=0.1184,166,-0.144,0.686,-0.8374,54.14,54.1811,54.0731,95.2996,-14.6876,15.9801,1.821,
all,k=0.1184,167,0.7505,0.8834,-0.4763,54.1633,54.1578,54.0732,95.3128,-14.7057,15.9801,1.855,
all,k=0.1184,168,-0.9758,-0.034,-0.6346,54.0962,54.1897,54.1083,95.2827,-14.6289,15.9801,1.453,
all,k=0.1184,169,0.9433,0.7954,0.9213,54.1696,54.1086,54.116,95.3261,-14.6812,15.9801,1.21,
all,k=0.1184,170,0.2077,0.0303,0.6654,54.1409,54.0867,54.1666,95.3214,-14.6237,15.9801,1.214,
all,k=0.1184,171,0.3047,-0.5029,0.8686,54.1441,54.0731,54.177,95.3256,-14.6191,15.9801,1.399,
all,k=0.1184,172,-0.1206,0.5471,0.0019,54.1166,54.1908,54.0869,95.2894,-14.6597,15.9801,1.213,
all,k=0.1184,173,-0.6333,-0.4081,0.1488,54.0924,54.1303,54.1715,95.295,-14.5823,15.9801,1.214,
all,k=0.1184,174,-0.714,-0.9725,-0.1322,54.1154,54.1163,54.1626,95.306,-14.6065,15.9801,1.201,
all,k=0.1184,175,0.5244,0.2283,-0.3517,54.1854,54.1357,54.0731,95.3253,-14.7231,15.9801,1.578,
all,k=0.1184,176,0.4345,-0.031,0.999,54.1392,54.0734,54.1817,95.3238,-14.612,15.9801,1.229,
all,k=0.1184,177,0.5521,0.6613,-0.4809,54.1644,54.1567,54.0731,95.3134,-14.7067,15.9801,1.784,
all,k=0.1184,178,-0.6954,-0.6014,-0.1355,54.1066,54.1378,54.1498,95.2981,-14.6085,15.9801,1.201,
all,k=0.1184,179,0.0243,-0.6108,0.5599,54.1439,54.0731,54.1772,95.3255,-14.6188,15.9801,1.312,
all,k=0.1184,180,0.7369,-0.368,0.0161,54.1896,54.1004,54.1042,95.3348,-14.7051,15.9801,1.674,
all,k=0.1184,181,0.1887,0.4448,-0.7051,54.1592,54.1619,54.0731,95.3105,-14.7026,15.9801,1.7750000000000001,
all,k=0.1184,182,-0.4383,0.4614,0.1364,54.0793,54.1909,54.124,95.2767,-14.6048,15.9801,1.218,
all,k=0.1184,183,0.7999,-0.1043,-0.1868,54.1896,54.1113,54.0933,95.3323,-14.7126,15.9801,1.731,
all,k=0.1184,184,-0.387,-0.5373,0.3015,54.1157,54.0988,54.1797,95.31,-14.595,15.9801,1.211,
all,k=0.1184,185,-0.4706,0.7246,-0.4587,54.1136,54.1897,54.0909,95.2887,-14.6545,15.9801,1.721,
all,k=0.1184,186,0.3467,0.1364,0.2569,54.1769,54.1055,54.1119,95.3293,-14.6898,15.9801,1.211,
all,k=0.1184,187,0.7908,-0.66,-0.7004,54.1897,54.1153,54.0893,95.3314,-14.7154,15.9801,1.935,
all,k=0.1184,188,-0.7562,-0.8471,0.0685,54.0963,54.1154,54.1825,95.2997,-14.5778,15.9801,1.213,
all,k=0.1184,189,-0.6685,0.6143,-0.9548,54.1176,54.1897,54.0869,95.29,-14.6605,15.9801,1.815,
all,k=0.1184,190,-0.2508,-0.0536,-0.5669,54.1587,54.1624,54.0731,95.3102,-14.7022,15.9801,1.312,
all,k=0.1184,191,-0.2882,-0.5544,-0.4363,54.164,54.1371,54.0931,95.3177,-14.6925,15.9801,1.212,
all,k=0.1184,192,0.8537,-0.1656,-0.2283,54.1896,54.1115,54.0931,95.3323,-14.7127,15.9801,1.782,
all,k=0.1184,193,0.2223,0.3283,0.3206,54.1492,54.1301,54.1149,95.3144,-14.6659,15.9801,1.201,
all,k=0.1184,194,-0.8305,0.1638,0.4718,54.0732,54.1494,54.1717,95.2841,-14.5671,15.9801,1.563,
all,k=0.1184,195,0.5911,0.1771,-0.7389,54.1816,54.1395,54.0732,95.3232,-14.7201,15.9801,1.829,
all,k=0.1184,196,-0.8325,-0.3539,0.8551,54.0862,54.1183,54.1897,95.2955,-14.5649,15.9801,1.749,
all,k=0.1184,197,-0.0548,0.7909,-0.0807,54.1187,54.1897,54.0858,95.2904,-14.662,15.9801,1.469,
all,k=0.1184,198,0.5102,-0.0297,0.4174,54.1863,54.0869,54.1211,95.3368,-14.6908,15.9801,1.214,
all,k=0.1184,199,-0.3656,0.7797,-0.4686,54.118,54.1897,54.0865,95.2901,-14.661,15.9801,1.725,
all,k=0.1184,200,-0.9876,0.4423,0.3532,54.0732,54.1672,54.1539,95.28,-14.5794,15.9801,1.723,
all,k=0.1184,201,0.3138,0.3748,0.1725,54.1647,54.1384,54.0912,95.3177,-14.6944,15.9801,1.212,
all,k=0.1184,202,-0.7694,0.3384,-0.9868,54.1164,54.1897,54.0881,95.2896,-14.6586,15.9801,1.682,
all,k=0.1184,203,-0.6343,-0.1582,-0.2433,54.1064,54.1667,54.1211,95.2914,-14.6281,15.9801,1.212,
all,k=0.1184,204,-0.7621,-0.1461,0.2472,54.0731,54.1431,54.178,95.2855,-14.5627,15.9801,1.286,
all,k=0.1184,205,-0.2451,0.417,-0.5382,54.1369,54.1842,54.0731,95.2978,-14.6851,15.9801,1.5070000000000001,
all,k=0.1184,206,-0.7123,0.4978,0.3375,54.0732,54.1727,54.1483,95.2788,-14.5832,15.9801,1.549,
all,k=0.1184,207,-0.1413,-0.7265,0.3274,54.1465,54.0742,54.1735,95.3261,-14.6234,15.9801,1.223,
all,k=0.1184,208,0.4999,-0.6721,0.3786,54.1847,54.0731,54.1364,95.3394,-14.679,15.9801,1.465,
all,k=0.1184,209,-0.2887,0.8302,0.5031,54.0731,54.1863,54.1348,95.2757,-14.5925,15.9801,1.3980000000000001,
all,k=0.1184,210,-0.4525,0.8761,-0.9495,54.1248,54.1897,54.0797,95.2925,-14.6711,15.9801,1.915,
all,k=0.1184,211,-0.6304,-0.5162,0.4642,54.0921,54.1125,54.1897,95.2989,-14.5695,15.9801,1.411,
all,k=0.1184,212,0.0523,-0.0712,-0.5549,54.1759,54.1451,54.0732,95.32,-14.7157,15.9801,1.471,
all,k=0.1184,213,0.5129,-0.7658,-0.5053,54.1897,54.1097,54.0949,95.3327,-14.7116,15.9801,1.754,
all,k=0.1184,214,0.6127,-0.0979,0.7536,54.1726,54.0732,54.1485,95.3352,-14.6611,15.9801,1.28,
all,k=0.1184,215,0.2033,0.5791,-0.6252,54.1549,54.1662,54.0731,95.308,-14.6992,15.9801,1.772,
all,k=0.1184,216,-0.3676,-0.2466,-0.0116,54.1258,54.1338,54.1347,95.3055,-14.6339,15.9801,1.201,
all,k=0.1184,217,-0.0551,0.6449,-0.6536,54.1421,54.179,54.0731,95.3008,-14.6892,15.9801,1.733,
all,k=0.1184,218,0.703,0.7781,-0.849,54.1641,54.157,54.0731,95.3133,-14.7065,15.9801,2.019,
all,k=0.1184,219,-0.9812,-0.4145,-0.1985,54.0741,54.1675,54.1527,95.2803,-14.5809,15.9801,1.225,
all,k=0.1184,220,0.9409,-0.8572,0.5626,54.1897,54.0763,54.1282,95.3403,-14.6885,15.9801,1.621,
all,k=0.1184,221,-0.0492,-0.7403,-0.2678,54.1899,54.0995,54.1048,95.3351,-14.7049,15.9801,1.211,
all,k=0.1184,222,-0.2382,-0.5129,-0.4113,54.1676,54.135,54.0917,95.3195,-14.6964,15.9801,1.212,
all,k=0.1184,223,-0.1602,0.9245,-0.0823,54.1107,54.1897,54.0939,95.2877,-14.6502,15.9801,1.614,
all,k=0.1184,224,0.9003,-0.9389,-0.8678,54.1897,54.1135,54.0911,95.3318,-14.7141,15.9801,2.011,
all,k=0.1184,225,-0.9444,0.3319,-0.5595,54.0968,54.1897,54.1077,95.2829,-14.6297,15.9801,1.639,
all,k=0.1184,226,0.1528,0.5907,-0.3364,54.1498,54.1713,54.0731,95.3051,-14.6952,15.9801,1.563,
all,k=0.1184,227,-0.5086,0.4508,-0.0482,54.0918,54.1897,54.1127,95.2813,-14.6224,15.9801,1.364,
all,k=0.1184,228,-0.7016,-0.8251,0.4743,54.0995,54.105,54.1897,95.3031,-14.5754,15.9801,1.5310000000000001,
all,k=0.1184,229,0.7208,0.7807,0.0202,54.1681,54.153,54.0731,95.3155,-14.7096,15.9801,1.589,
all,k=0.1184,230,-0.6931,-0.5487,-0.093,54.1025,54.1393,54.1524,95.2964,-14.6034,15.9801,1.201,
all,k=0.1184,231,0.7037,0.3004,-0.4516,54.1849,54.1362,54.0731,95.325,-14.7228,15.9801,1.719,
all,k=0.1184,232,0.5119,-0.1291,0.9655,54.1492,54.0731,54.1719,95.3273,-14.6266,15.9801,1.281,
all,k=0.1184,233,-0.1425,0.6744,-0.9709,54.142,54.179,54.0732,95.3007,-14.6891,15.9801,1.877,
all,k=0.1184,234,0.4364,-0.203,-0.002,54.1897,54.1023,54.1022,95.3344,-14.7064,15.9801,1.437,
all,k=0.1184,235,-0.6023,0.859,-0.6007,54.1117,54.1897,54.0928,95.288,-14.6517,15.9801,1.867,
all,k=0.1184,236,0.1232,0.1947,0.7169,54.1235,54.0988,54.1719,95.3127,-14.6064,15.9801,1.211,
all,k=0.1184,237,-0.0667,0.6598,0.0478,54.1159,54.1897,54.0886,95.2895,-14.6579,15.9801,1.3,
all,k=0.1184,238,0.9127,0.4332,0.8242,54.1909,54.0763,54.127,95.3407,-14.6903,15.9801,1.219,
all,k=0.1184,239,0.8847,0.6045,-0.7553,54.1738,54.1473,54.0732,95.3188,-14.714,15.9801,1.978,
all,k=0.1184,240,-0.7511,0.2325,-0.4576,54.1021,54.1897,54.1025,95.2847,-14.6375,15.9801,1.46,
all,k=0.1184,241,-0.2297,-0.6523,0.5243,54.125,54.0795,54.1897,95.3176,-14.5954,15.9801,1.31,
all,k=0.1184,242,0.709,-0.7344,0.0337,54.1897,54.0928,54.1118,95.3366,-14.6999,15.9801,1.706,
all,k=0.1184,243,-0.21,0.58,-0.07,54.1128,54.1897,54.0917,95.2884,-14.6534,15.9801,1.351,
all,k=0.1184,244,0.4616,0.1322,0.9565,54.1441,54.0744,54.1757,95.3253,-14.62,15.9801,1.223,
all,k=0.1184,245,-0.1607,0.9753,-0.1691,54.1136,54.1897,54.0909,95.2887,-14.6546,15.9801,1.679,
all,k=0.1184,246,-0.6347,0.5642,-0.4566,54.1075,54.1897,54.097,95.2866,-14.6455,15.9801,1.671,
all,k=0.1184,247,0.1315,0.292,-0.6006,54.1631,54.158,54.0731,95.3127,-14.7057,15.9801,1.647,
all,k=0.1184,248,-0.9312,0.9741,0.6348,54.0732,54.173,54.148,95.2787,-14.5834,15.9801,1.9060000000000001,
all,k=0.1184,249,-0.7526,0.6959,-0.4837,54.1035,54.1897,54.1011,95.2852,-14.6396,15.9801,1.792,
all,k=0.1184,250,-0.5054,0.5452,0.5147,54.0731,54.1669,54.1542,95.2801,-14.5791,15.9801,1.471,
all,k=0.1184,251,0.6919,-0.7267,0.4952,54.1873,54.0731,54.1338,95.3402,-14.6828,15.9801,1.506,
all,k=0.1184,252,-0.0604,-0.3482,0.4686,54.1365,54.0838,54.1739,95.3206,-14.6153,15.9801,1.215,
all,k=0.1184,253,0.6903,-0.3551,-0.6904,54.1896,54.1216,54.083,95.33,-14.7197,15.9801,1.861,
all,k=0.1184,254,0.9834,0.8384,-0.4203,54.1723,54.1489,54.0731,95.3179,-14.7129,15.9801,1.85,
all,k=0.1184,255,0.6288,-0.8206,0.8251,54.1655,54.0731,54.1556,95.3328,-14.6506,15.9801,1.602,
all,k=0.1184,256,0.5493,-0.6063,-0.4086,54.1896,54.1094,54.0952,95.3328,-14.7113,15.9801,1.748,
all,k=0.1184,257,0.1911,-0.2885,0.4725,54.1598,54.078,54.1564,95.3298,-14.6457,15.9801,1.218,
all,k=0.1184,258,0.1847,-0.5859,0.2202,54.1817,54.0744,54.1381,95.338,-14.6754,15.9801,1.223,
all,k=0.1184,259,-0.9719,-0.7765,-0.6776,54.103,54.1781,54.1131,95.2877,-14.6309,15.9801,1.212,
all,k=0.1184,260,-0.2926,-0.9762,0.8598,54.1178,54.0867,54.1897,95.3135,-14.5897,15.9801,1.666,
all,k=0.1184,261,-0.521,-0.4587,-0.2487,54.1278,54.1425,54.1239,95.3042,-14.6429,15.9801,1.201,
all,k=0.1184,262,0.8815,-0.2964,-0.1377,54.1897,54.1056,54.099,95.3337,-14.7087,15.9801,1.792,
all,k=0.1184,263,-0.403,0.9525,-0.2703,54.1082,54.1897,54.0963,95.2868,-14.6465,15.9801,1.7770000000000001,
all,k=0.1184,264,-0.8329,0.316,0.4332,54.0731,54.1589,54.1622,95.2819,-14.5736,15.9801,1.606,
all,k=0.1184,265,-0.2555,-0.5772,-0.1815,54.158,54.1166,54.1196,95.3204,-14.6696,15.9801,1.201,
all,k=0.1184,266,-0.1219,0.9906,0.7169,54.0732,54.1823,54.1388,95.2766,-14.5898,15.9801,1.418,
all,k=0.1184,267,0.2418,-0.6122,0.3758,54.1723,54.0731,54.1488,95.3351,-14.6607,15.9801,1.33,
all,k=0.1184,268,0.518,-0.8492,-0.241,54.1897,54.0988,54.1057,95.3352,-14.704,15.9801,1.707,
all,k=0.1184,269,-0.3463,0.1409,0.3061,54.0974,54.1416,54.1553,95.2941,-14.5974,15.9801,1.213,
all,k=0.1184,270,-0.6372,-0.0607,0.9843,54.0866,54.118,54.1897,95.2958,-14.5652,15.9801,1.719,
all,k=0.1184,271,-0.9683,-0.258,-0.3314,54.0779,54.1832,54.1331,95.278,-14.5974,15.9801,1.219,
all,k=0.1184,272,-0.1888,0.7384,-0.1234,54.1141,54.1897,54.0904,95.2888,-14.6553,15.9801,1.5090000000000001,
all,k=0.1184,273,0.7662,0.1511,-0.1508,54.1897,54.1168,54.0878,95.3311,-14.7164,15.9801,1.6440000000000001,
all,k=0.1184,274,-0.4954,0.6472,0.2884,54.0731,54.188,54.1331,95.2753,-14.5937,15.9801,1.405,
all,k=0.1184,275,-0.5755,-0.7399,-0.7491,54.1517,54.1571,54.0854,95.309,-14.6882,15.9801,1.214,
all,k=0.1184,276,0.8181,-0.1932,0.6406,54.1896,54.0797,54.1249,95.3395,-14.6908,15.9801,1.349,
all,k=0.1184,277,0.7907,-0.5473,-0.9349,54.1896,54.1219,54.0827,95.3299,-14.7199,15.9801,1.978,
all,k=0.1184,278,-0.6393,0.546,-0.9692,54.1202,54.1897,54.0843,95.2909,-14.6643,15.9801,1.7750000000000001,
all,k=0.1184,279,0.1283,-0.6175,0.5333,54.1537,54.0731,54.1674,95.3288,-14.6333,15.9801,1.362,
all,k=0.1184,280,-0.0412,0.0982,-0.4132,54.1661,54.155,54.0732,95.3144,-14.708,15.9801,1.337,
all,k=0.1184,281,-0.0868,-0.9086,0.619,54.1364,54.0731,54.1848,95.3229,-14.6077,15.9801,1.43,
all,k=0.1184,282,0.815,0.5053,-0.0088,54.1896,54.1286,54.076,95.3284,-14.7245,15.9801,1.456,
all,k=0.1184,283,0.6876,-0.9924,0.3319,54.1896,54.075,54.1296,95.3406,-14.6875,15.9801,1.615,
all,k=0.1184,284,0.5348,-0.3467,0.7131,54.1694,54.0731,54.1517,95.3342,-14.6564,15.9801,1.31,
all,k=0.1184,285,-0.9996,0.2642,-0.398,54.0868,54.1897,54.1177,95.2795,-14.615,15.9801,1.562,
all,k=0.1184,286,0.2573,-0.4973,-0.5804,54.1896,54.1233,54.0813,95.3296,-14.7208,15.9801,1.579,
all,k=0.1184,287,0.2523,-0.0061,-0.6254,54.1813,54.1399,54.0731,95.323,-14.7199,15.9801,1.612,
all,k=0.1184,288,0.7723,0.7648,0.0991,54.172,54.1491,54.0732,95.3178,-14.7126,15.9801,1.543,
all,k=0.1184,289,0.4122,-0.0972,0.6029,54.1656,54.0813,54.1473,95.331,-14.6565,15.9801,1.216,
all,k=0.1184,290,0.6677,0.5283,-0.5137,54.173,54.1481,54.0731,95.3183,-14.7134,15.9801,1.8,
all,k=0.1184,291,-0.951,0.3165,-0.1775,54.077,54.1897,54.1276,95.2762,-14.6005,15.9801,1.5030000000000001,
all,k=0.1184,292,0.7885,0.7197,0.0675,54.1749,54.1462,54.0731,95.3194,-14.7149,15.9801,1.556,
all,k=0.1184,293,-0.2451,0.426,0.4187,54.0867,54.1611,54.1464,95.286,-14.5952,15.9801,1.215,
all,k=0.1184,294,0.3646,0.6848,0.1546,54.1527,54.1684,54.0732,95.3068,-14.6974,15.9801,1.2550000000000001,
all,k=0.1184,295,0.0321,0.0338,0.778,54.1157,54.0895,54.1891,95.3122,-14.5884,15.9801,1.213,
all,k=0.1184,296,-0.2665,0.6838,0.0098,54.1038,54.1897,54.1008,95.2853,-14.64,15.9801,1.444,
all,k=0.1184,297,-0.8293,-0.102,-0.4176,54.0928,54.1883,54.1132,95.2819,-14.6228,15.9801,1.214,
all,k=0.1184,298,0.0558,0.7066,-0.6411,54.145,54.1761,54.0731,95.3024,-14.6914,15.9801,1.7750000000000001,
all,k=0.1184,299,-0.0496,0.165,0.5396,54.1158,54.1149,54.1635,95.3064,-14.6062,15.9801,1.211,
